date,temple,day_of_week,month,is_weekend,is_festival,festival_name,weather,temperature_c,footfall,surge_flag
2022-01-01,somnath,5,1,1,0,,sunny,12.4,18564,1
2022-01-01,dwarka,5,1,1,0,,sunny,12.4,17242,1
2022-01-01,ambaji,5,1,1,0,,sunny,12.4,13906,0
2022-01-01,pavagadh,5,1,1,0,,sunny,12.4,10386,0
2022-01-02,somnath,6,1,1,0,,cloudy,13.4,18415,1
2022-01-02,dwarka,6,1,1,0,,cloudy,13.4,16522,1
2022-01-02,ambaji,6,1,1,0,,cloudy,13.4,14285,0
2022-01-02,pavagadh,6,1,1,0,,cloudy,13.4,12721,0
2022-01-03,somnath,0,1,0,0,,sunny,15.2,9824,0
2022-01-03,dwarka,0,1,0,0,,sunny,15.2,8407,0
2022-01-03,ambaji,0,1,0,0,,sunny,15.2,7944,0
2022-01-03,pavagadh,0,1,0,0,,sunny,15.2,7139,0
2022-01-04,somnath,1,1,0,0,,cloudy,12.1,10815,0
2022-01-04,dwarka,1,1,0,0,,cloudy,12.1,8108,0
2022-01-04,ambaji,1,1,0,0,,cloudy,12.1,7617,0
2022-01-04,pavagadh,1,1,0,0,,cloudy,12.1,6739,0
2022-01-05,somnath,2,1,0,0,,cloudy,17.4,10694,0
2022-01-05,dwarka,2,1,0,0,,cloudy,17.4,9269,0
2022-01-05,ambaji,2,1,0,0,,cloudy,17.4,8258,0
2022-01-05,pavagadh,2,1,0,0,,cloudy,17.4,5957,0
2022-01-06,somnath,3,1,0,0,,cloudy,23.7,8356,0
2022-01-06,dwarka,3,1,0,0,,cloudy,23.7,8686,0
2022-01-06,ambaji,3,1,0,0,,cloudy,23.7,7264,0
2022-01-06,pavagadh,3,1,0,0,,cloudy,23.7,6927,0
2022-01-07,somnath,4,1,0,0,,cloudy,21.9,11061,0
2022-01-07,dwarka,4,1,0,0,,cloudy,21.9,8416,0
2022-01-07,ambaji,4,1,0,0,,cloudy,21.9,7750,0
2022-01-07,pavagadh,4,1,0,0,,cloudy,21.9,6357,0
2022-01-08,somnath,5,1,1,0,,sunny,16.6,19616,1
2022-01-08,dwarka,5,1,1,0,,sunny,16.6,16810,1
2022-01-08,ambaji,5,1,1,0,,sunny,16.6,14724,0
2022-01-08,pavagadh,5,1,1,0,,sunny,16.6,12120,0
2022-01-09,somnath,6,1,1,0,,sunny,17.8,18060,1
2022-01-09,dwarka,6,1,1,0,,sunny,17.8,16993,1
2022-01-09,ambaji,6,1,1,0,,sunny,17.8,13777,0
2022-01-09,pavagadh,6,1,1,0,,sunny,17.8,13750,0
2022-01-10,somnath,0,1,0,0,,sunny,21.7,10999,0
2022-01-10,dwarka,0,1,0,0,,sunny,21.7,10070,0
2022-01-10,ambaji,0,1,0,0,,sunny,21.7,8096,0
2022-01-10,pavagadh,0,1,0,0,,sunny,21.7,6907,0
2022-01-11,somnath,1,1,0,0,,cloudy,22.2,9290,0
2022-01-11,dwarka,1,1,0,0,,cloudy,22.2,8737,0
2022-01-11,ambaji,1,1,0,0,,cloudy,22.2,8357,0
2022-01-11,pavagadh,1,1,0,0,,cloudy,22.2,5796,0
2022-01-12,somnath,2,1,0,0,,sunny,12.5,10154,0
2022-01-12,dwarka,2,1,0,0,,sunny,12.5,9594,0
2022-01-12,ambaji,2,1,0,0,,sunny,12.5,8140,0
2022-01-12,pavagadh,2,1,0,0,,sunny,12.5,7632,0
2022-01-13,somnath,3,1,0,0,,cloudy,17.0,9962,0
2022-01-13,dwarka,3,1,0,0,,cloudy,17.0,8532,0
2022-01-13,ambaji,3,1,0,0,,cloudy,17.0,8357,0
2022-01-13,pavagadh,3,1,0,0,,cloudy,17.0,6224,0
2022-01-14,somnath,4,1,0,1,Uttarayan,sunny,15.9,36744,1
2022-01-14,dwarka,4,1,0,1,Uttarayan,sunny,15.9,38985,1
2022-01-14,ambaji,4,1,0,1,Uttarayan,sunny,15.9,27836,1
2022-01-14,pavagadh,4,1,0,1,Uttarayan,sunny,15.9,28632,1
2022-01-15,somnath,5,1,1,1,Uttarayan,sunny,12.8,52826,1
2022-01-15,dwarka,5,1,1,1,Uttarayan,sunny,12.8,50706,1
2022-01-15,ambaji,5,1,1,1,Uttarayan,sunny,12.8,35101,1
2022-01-15,pavagadh,5,1,1,1,Uttarayan,sunny,12.8,48278,1
2022-01-16,somnath,6,1,1,0,,cloudy,25.8,20957,1
2022-01-16,dwarka,6,1,1,0,,cloudy,25.8,16521,1
2022-01-16,ambaji,6,1,1,0,,cloudy,25.8,13496,0
2022-01-16,pavagadh,6,1,1,0,,cloudy,25.8,10710,0
2022-01-17,somnath,0,1,0,0,,sunny,22.3,11037,0
2022-01-17,dwarka,0,1,0,0,,sunny,22.3,9570,0
2022-01-17,ambaji,0,1,0,0,,sunny,22.3,6410,0
2022-01-17,pavagadh,0,1,0,0,,sunny,22.3,6847,0
2022-01-18,somnath,1,1,0,0,,cloudy,16.2,9911,0
2022-01-18,dwarka,1,1,0,0,,cloudy,16.2,9098,0
2022-01-18,ambaji,1,1,0,0,,cloudy,16.2,8809,0
2022-01-18,pavagadh,1,1,0,0,,cloudy,16.2,5986,0
2022-01-19,somnath,2,1,0,0,,sunny,22.2,10052,0
2022-01-19,dwarka,2,1,0,0,,sunny,22.2,8851,0
2022-01-19,ambaji,2,1,0,0,,sunny,22.2,7857,0
2022-01-19,pavagadh,2,1,0,0,,sunny,22.2,5895,0
2022-01-20,somnath,3,1,0,0,,cloudy,20.5,11090,0
2022-01-20,dwarka,3,1,0,0,,cloudy,20.5,9102,0
2022-01-20,ambaji,3,1,0,0,,cloudy,20.5,9136,0
2022-01-20,pavagadh,3,1,0,0,,cloudy,20.5,6637,0
2022-01-21,somnath,4,1,0,0,,cloudy,25.3,10305,0
2022-01-21,dwarka,4,1,0,0,,cloudy,25.3,9321,0
2022-01-21,ambaji,4,1,0,0,,cloudy,25.3,8821,0
2022-01-21,pavagadh,4,1,0,0,,cloudy,25.3,5681,0
2022-01-22,somnath,5,1,1,0,,sunny,19.8,20873,1
2022-01-22,dwarka,5,1,1,0,,sunny,19.8,17255,1
2022-01-22,ambaji,5,1,1,0,,sunny,19.8,14095,0
2022-01-22,pavagadh,5,1,1,0,,sunny,19.8,11242,0
2022-01-23,somnath,6,1,1,0,,sunny,20.8,18451,1
2022-01-23,dwarka,6,1,1,0,,sunny,20.8,18862,1
2022-01-23,ambaji,6,1,1,0,,sunny,20.8,13397,0
2022-01-23,pavagadh,6,1,1,0,,sunny,20.8,11981,0
2022-01-24,somnath,0,1,0,0,,sunny,23.7,10604,0
2022-01-24,dwarka,0,1,0,0,,sunny,23.7,9662,0
2022-01-24,ambaji,0,1,0,0,,sunny,23.7,8647,0
2022-01-24,pavagadh,0,1,0,0,,sunny,23.7,6478,0
2022-01-25,somnath,1,1,0,0,,sunny,20.3,10803,0
2022-01-25,dwarka,1,1,0,0,,sunny,20.3,9436,0
2022-01-25,ambaji,1,1,0,0,,sunny,20.3,7390,0
2022-01-25,pavagadh,1,1,0,0,,sunny,20.3,7053,0
2022-01-26,somnath,2,1,0,0,,sunny,15.5,11394,0
2022-01-26,dwarka,2,1,0,0,,sunny,15.5,9516,0
2022-01-26,ambaji,2,1,0,0,,sunny,15.5,7968,0
2022-01-26,pavagadh,2,1,0,0,,sunny,15.5,7549,0
2022-01-27,somnath,3,1,0,0,,cloudy,13.1,10487,0
2022-01-27,dwarka,3,1,0,0,,cloudy,13.1,10112,0
2022-01-27,ambaji,3,1,0,0,,cloudy,13.1,7869,0
2022-01-27,pavagadh,3,1,0,0,,cloudy,13.1,6753,0
2022-01-28,somnath,4,1,0,0,,cloudy,21.1,9053,0
2022-01-28,dwarka,4,1,0,0,,cloudy,21.1,9304,0
2022-01-28,ambaji,4,1,0,0,,cloudy,21.1,7934,0
2022-01-28,pavagadh,4,1,0,0,,cloudy,21.1,6204,0
2022-01-29,somnath,5,1,1,0,,sunny,18.9,17323,1
2022-01-29,dwarka,5,1,1,0,,sunny,18.9,17017,1
2022-01-29,ambaji,5,1,1,0,,sunny,18.9,13834,0
2022-01-29,pavagadh,5,1,1,0,,sunny,18.9,10399,0
2022-01-30,somnath,6,1,1,0,,cloudy,13.6,17674,1
2022-01-30,dwarka,6,1,1,0,,cloudy,13.6,17022,1
2022-01-30,ambaji,6,1,1,0,,cloudy,13.6,14554,0
2022-01-30,pavagadh,6,1,1,0,,cloudy,13.6,11193,0
2022-01-31,somnath,0,1,0,0,,sunny,19.2,9844,0
2022-01-31,dwarka,0,1,0,0,,sunny,19.2,9360,0
2022-01-31,ambaji,0,1,0,0,,sunny,19.2,7802,0
2022-01-31,pavagadh,0,1,0,0,,sunny,19.2,7605,0
2022-02-01,somnath,1,2,0,0,,sunny,25.8,7816,0
2022-02-01,dwarka,1,2,0,0,,sunny,25.8,6947,0
2022-02-01,ambaji,1,2,0,0,,sunny,25.8,6856,0
2022-02-01,pavagadh,1,2,0,0,,sunny,25.8,4997,0
2022-02-02,somnath,2,2,0,0,,cloudy,26.8,8210,0
2022-02-02,dwarka,2,2,0,0,,cloudy,26.8,6742,0
2022-02-02,ambaji,2,2,0,0,,cloudy,26.8,5689,0
2022-02-02,pavagadh,2,2,0,0,,cloudy,26.8,5023,0
2022-02-03,somnath,3,2,0,0,,sunny,12.9,6737,0
2022-02-03,dwarka,3,2,0,0,,sunny,12.9,8051,0
2022-02-03,ambaji,3,2,0,0,,sunny,12.9,5925,0
2022-02-03,pavagadh,3,2,0,0,,sunny,12.9,5654,0
2022-02-04,somnath,4,2,0,0,,sunny,18.8,9899,0
2022-02-04,dwarka,4,2,0,0,,sunny,18.8,6543,0
2022-02-04,ambaji,4,2,0,0,,sunny,18.8,5327,0
2022-02-04,pavagadh,4,2,0,0,,sunny,18.8,4795,0
2022-02-05,somnath,5,2,1,0,,sunny,16.7,15794,1
2022-02-05,dwarka,5,2,1,0,,sunny,16.7,12357,0
2022-02-05,ambaji,5,2,1,0,,sunny,16.7,9502,0
2022-02-05,pavagadh,5,2,1,0,,sunny,16.7,8706,0
2022-02-06,somnath,6,2,1,0,,sunny,21.3,12287,0
2022-02-06,dwarka,6,2,1,0,,sunny,21.3,12567,0
2022-02-06,ambaji,6,2,1,0,,sunny,21.3,11933,0
2022-02-06,pavagadh,6,2,1,0,,sunny,21.3,10435,0
2022-02-07,somnath,0,2,0,0,,sunny,15.0,7256,0
2022-02-07,dwarka,0,2,0,0,,sunny,15.0,6557,0
2022-02-07,ambaji,0,2,0,0,,sunny,15.0,6021,0
2022-02-07,pavagadh,0,2,0,0,,sunny,15.0,5189,0
2022-02-08,somnath,1,2,0,0,,cloudy,15.9,7309,0
2022-02-08,dwarka,1,2,0,0,,cloudy,15.9,6592,0
2022-02-08,ambaji,1,2,0,0,,cloudy,15.9,5479,0
2022-02-08,pavagadh,1,2,0,0,,cloudy,15.9,5241,0
2022-02-09,somnath,2,2,0,0,,sunny,27.0,8270,0
2022-02-09,dwarka,2,2,0,0,,sunny,27.0,7799,0
2022-02-09,ambaji,2,2,0,0,,sunny,27.0,6032,0
2022-02-09,pavagadh,2,2,0,0,,sunny,27.0,5375,0
2022-02-10,somnath,3,2,0,0,,sunny,16.8,7595,0
2022-02-10,dwarka,3,2,0,0,,sunny,16.8,7802,0
2022-02-10,ambaji,3,2,0,0,,sunny,16.8,6447,0
2022-02-10,pavagadh,3,2,0,0,,sunny,16.8,5183,0
2022-02-11,somnath,4,2,0,0,,cloudy,27.9,8372,0
2022-02-11,dwarka,4,2,0,0,,cloudy,27.9,7161,0
2022-02-11,ambaji,4,2,0,0,,cloudy,27.9,5900,0
2022-02-11,pavagadh,4,2,0,0,,cloudy,27.9,5869,0
2022-02-12,somnath,5,2,1,0,,cloudy,26.1,13968,0
2022-02-12,dwarka,5,2,1,0,,cloudy,26.1,13005,0
2022-02-12,ambaji,5,2,1,0,,cloudy,26.1,11434,0
2022-02-12,pavagadh,5,2,1,0,,cloudy,26.1,8090,0
2022-02-13,somnath,6,2,1,0,,sunny,27.8,14323,0
2022-02-13,dwarka,6,2,1,0,,sunny,27.8,12502,0
2022-02-13,ambaji,6,2,1,0,,sunny,27.8,11080,0
2022-02-13,pavagadh,6,2,1,0,,sunny,27.8,8480,0
2022-02-14,somnath,0,2,0,0,,sunny,27.0,8198,0
2022-02-14,dwarka,0,2,0,0,,sunny,27.0,7194,0
2022-02-14,ambaji,0,2,0,0,,sunny,27.0,6447,0
2022-02-14,pavagadh,0,2,0,0,,sunny,27.0,5297,0
2022-02-15,somnath,1,2,0,0,,sunny,21.7,7918,0
2022-02-15,dwarka,1,2,0,0,,sunny,21.7,6653,0
2022-02-15,ambaji,1,2,0,0,,sunny,21.7,5766,0
2022-02-15,pavagadh,1,2,0,0,,sunny,21.7,4781,0
2022-02-16,somnath,2,2,0,0,,sunny,26.5,8150,0
2022-02-16,dwarka,2,2,0,0,,sunny,26.5,6810,0
2022-02-16,ambaji,2,2,0,0,,sunny,26.5,5679,0
2022-02-16,pavagadh,2,2,0,0,,sunny,26.5,5139,0
2022-02-17,somnath,3,2,0,0,,sunny,24.3,7695,0
2022-02-17,dwarka,3,2,0,0,,sunny,24.3,6689,0
2022-02-17,ambaji,3,2,0,0,,sunny,24.3,5969,0
2022-02-17,pavagadh,3,2,0,0,,sunny,24.3,4526,0
2022-02-18,somnath,4,2,0,0,,sunny,12.2,9107,0
2022-02-18,dwarka,4,2,0,0,,sunny,12.2,7495,0
2022-02-18,ambaji,4,2,0,0,,sunny,12.2,6465,0
2022-02-18,pavagadh,4,2,0,0,,sunny,12.2,4733,0
2022-02-19,somnath,5,2,1,0,,cloudy,21.3,14737,0
2022-02-19,dwarka,5,2,1,0,,cloudy,21.3,12996,0
2022-02-19,ambaji,5,2,1,0,,cloudy,21.3,10179,0
2022-02-19,pavagadh,5,2,1,0,,cloudy,21.3,10350,0
2022-02-20,somnath,6,2,1,0,,cloudy,25.8,14997,0
2022-02-20,dwarka,6,2,1,0,,cloudy,25.8,12215,0
2022-02-20,ambaji,6,2,1,0,,cloudy,25.8,10801,0
2022-02-20,pavagadh,6,2,1,0,,cloudy,25.8,9314,0
2022-02-21,somnath,0,2,0,0,,cloudy,26.1,7305,0
2022-02-21,dwarka,0,2,0,0,,cloudy,26.1,7406,0
2022-02-21,ambaji,0,2,0,0,,cloudy,26.1,6586,0
2022-02-21,pavagadh,0,2,0,0,,cloudy,26.1,5714,0
2022-02-22,somnath,1,2,0,0,,cloudy,27.6,8462,0
2022-02-22,dwarka,1,2,0,0,,cloudy,27.6,5994,0
2022-02-22,ambaji,1,2,0,0,,cloudy,27.6,6726,0
2022-02-22,pavagadh,1,2,0,0,,cloudy,27.6,5095,0
2022-02-23,somnath,2,2,0,0,,sunny,26.9,8386,0
2022-02-23,dwarka,2,2,0,0,,sunny,26.9,6007,0
2022-02-23,ambaji,2,2,0,0,,sunny,26.9,6132,0
2022-02-23,pavagadh,2,2,0,0,,sunny,26.9,4726,0
2022-02-24,somnath,3,2,0,0,,cloudy,13.7,8824,0
2022-02-24,dwarka,3,2,0,0,,cloudy,13.7,6253,0
2022-02-24,ambaji,3,2,0,0,,cloudy,13.7,6143,0
2022-02-24,pavagadh,3,2,0,0,,cloudy,13.7,5680,0
2022-02-25,somnath,4,2,0,0,,sunny,16.9,8121,0
2022-02-25,dwarka,4,2,0,0,,sunny,16.9,6638,0
2022-02-25,ambaji,4,2,0,0,,sunny,16.9,6292,0
2022-02-25,pavagadh,4,2,0,0,,sunny,16.9,5036,0
2022-02-26,somnath,5,2,1,0,,sunny,25.8,15255,1
2022-02-26,dwarka,5,2,1,0,,sunny,25.8,12442,0
2022-02-26,ambaji,5,2,1,0,,sunny,25.8,10284,0
2022-02-26,pavagadh,5,2,1,0,,sunny,25.8,8471,0
2022-02-27,somnath,6,2,1,0,,cloudy,20.6,14896,0
2022-02-27,dwarka,6,2,1,0,,cloudy,20.6,12426,0
2022-02-27,ambaji,6,2,1,0,,cloudy,20.6,11299,0
2022-02-27,pavagadh,6,2,1,0,,cloudy,20.6,8922,0
2022-02-28,somnath,0,2,0,0,,cloudy,16.2,8498,0
2022-02-28,dwarka,0,2,0,0,,cloudy,16.2,7353,0
2022-02-28,ambaji,0,2,0,0,,cloudy,16.2,5948,0
2022-02-28,pavagadh,0,2,0,0,,cloudy,16.2,4678,0
2022-03-01,somnath,1,3,0,1,Mahashivratri,sunny,38.6,37089,1
2022-03-01,dwarka,1,3,0,1,Mahashivratri,sunny,38.6,25270,1
2022-03-01,ambaji,1,3,0,1,Mahashivratri,sunny,38.6,19510,1
2022-03-01,pavagadh,1,3,0,1,Mahashivratri,sunny,38.6,17815,1
2022-03-02,somnath,2,3,0,1,Mahashivratri,sunny,40.7,42816,1
2022-03-02,dwarka,2,3,0,1,Mahashivratri,sunny,40.7,24411,1
2022-03-02,ambaji,2,3,0,1,Mahashivratri,sunny,40.7,21258,1
2022-03-02,pavagadh,2,3,0,1,Mahashivratri,sunny,40.7,14890,0
2022-03-03,somnath,3,3,0,0,,hot,37.3,7589,0
2022-03-03,dwarka,3,3,0,0,,hot,37.3,7253,0
2022-03-03,ambaji,3,3,0,0,,hot,37.3,6328,0
2022-03-03,pavagadh,3,3,0,0,,hot,37.3,5281,0
2022-03-04,somnath,4,3,0,0,,cloudy,40.8,8680,0
2022-03-04,dwarka,4,3,0,0,,cloudy,40.8,6584,0
2022-03-04,ambaji,4,3,0,0,,cloudy,40.8,5822,0
2022-03-04,pavagadh,4,3,0,0,,cloudy,40.8,5449,0
2022-03-05,somnath,5,3,1,0,,hot,35.7,13113,0
2022-03-05,dwarka,5,3,1,0,,hot,35.7,13131,0
2022-03-05,ambaji,5,3,1,0,,hot,35.7,10289,0
2022-03-05,pavagadh,5,3,1,0,,hot,35.7,8376,0
2022-03-06,somnath,6,3,1,0,,sunny,34.8,12109,0
2022-03-06,dwarka,6,3,1,0,,sunny,34.8,12941,0
2022-03-06,ambaji,6,3,1,0,,sunny,34.8,10941,0
2022-03-06,pavagadh,6,3,1,0,,sunny,34.8,8605,0
2022-03-07,somnath,0,3,0,0,,hot,38.7,7636,0
2022-03-07,dwarka,0,3,0,0,,hot,38.7,6648,0
2022-03-07,ambaji,0,3,0,0,,hot,38.7,6313,0
2022-03-07,pavagadh,0,3,0,0,,hot,38.7,4431,0
2022-03-08,somnath,1,3,0,0,,sunny,34.9,8042,0
2022-03-08,dwarka,1,3,0,0,,sunny,34.9,7111,0
2022-03-08,ambaji,1,3,0,0,,sunny,34.9,6017,0
2022-03-08,pavagadh,1,3,0,0,,sunny,34.9,5426,0
2022-03-09,somnath,2,3,0,0,,sunny,32.9,7273,0
2022-03-09,dwarka,2,3,0,0,,sunny,32.9,7379,0
2022-03-09,ambaji,2,3,0,0,,sunny,32.9,6238,0
2022-03-09,pavagadh,2,3,0,0,,sunny,32.9,5544,0
2022-03-10,somnath,3,3,0,0,,sunny,35.2,7965,0
2022-03-10,dwarka,3,3,0,0,,sunny,35.2,6954,0
2022-03-10,ambaji,3,3,0,0,,sunny,35.2,6005,0
2022-03-10,pavagadh,3,3,0,0,,sunny,35.2,4357,0
2022-03-11,somnath,4,3,0,0,,hot,37.5,8678,0
2022-03-11,dwarka,4,3,0,0,,hot,37.5,8181,0
2022-03-11,ambaji,4,3,0,0,,hot,37.5,5856,0
2022-03-11,pavagadh,4,3,0,0,,hot,37.5,4986,0
2022-03-12,somnath,5,3,1,0,,hot,43.0,9398,0
2022-03-12,dwarka,5,3,1,0,,hot,43.0,9794,0
2022-03-12,ambaji,5,3,1,0,,hot,43.0,7206,0
2022-03-12,pavagadh,5,3,1,0,,hot,43.0,5443,0
2022-03-13,somnath,6,3,1,0,,sunny,44.4,15555,1
2022-03-13,dwarka,6,3,1,0,,sunny,44.4,11779,0
2022-03-13,ambaji,6,3,1,0,,sunny,44.4,10616,0
2022-03-13,pavagadh,6,3,1,0,,sunny,44.4,8215,0
2022-03-14,somnath,0,3,0,0,,sunny,39.1,8791,0
2022-03-14,dwarka,0,3,0,0,,sunny,39.1,6479,0
2022-03-14,ambaji,0,3,0,0,,sunny,39.1,5656,0
2022-03-14,pavagadh,0,3,0,0,,sunny,39.1,5046,0
2022-03-15,somnath,1,3,0,0,,hot,40.3,8072,0
2022-03-15,dwarka,1,3,0,0,,hot,40.3,6366,0
2022-03-15,ambaji,1,3,0,0,,hot,40.3,5748,0
2022-03-15,pavagadh,1,3,0,0,,hot,40.3,4785,0
2022-03-16,somnath,2,3,0,0,,hot,35.7,7928,0
2022-03-16,dwarka,2,3,0,0,,hot,35.7,7457,0
2022-03-16,ambaji,2,3,0,0,,hot,35.7,5762,0
2022-03-16,pavagadh,2,3,0,0,,hot,35.7,4949,0
2022-03-17,somnath,3,3,0,0,,hot,41.0,7941,0
2022-03-17,dwarka,3,3,0,0,,hot,41.0,6816,0
2022-03-17,ambaji,3,3,0,0,,hot,41.0,5529,0
2022-03-17,pavagadh,3,3,0,0,,hot,41.0,5257,0
2022-03-18,somnath,4,3,0,1,Holi,sunny,34.7,29608,1
2022-03-18,dwarka,4,3,0,1,Holi,sunny,34.7,24422,1
2022-03-18,ambaji,4,3,0,1,Holi,sunny,34.7,23307,1
2022-03-18,pavagadh,4,3,0,1,Holi,sunny,34.7,13932,0
2022-03-19,somnath,5,3,1,1,Holi,hot,41.8,59642,1
2022-03-19,dwarka,5,3,1,1,Holi,hot,41.8,46154,1
2022-03-19,ambaji,5,3,1,1,Holi,hot,41.8,36683,1
2022-03-19,pavagadh,5,3,1,1,Holi,hot,41.8,28048,1
2022-03-20,somnath,6,3,1,0,,sunny,32.4,13561,0
2022-03-20,dwarka,6,3,1,0,,sunny,32.4,13821,0
2022-03-20,ambaji,6,3,1,0,,sunny,32.4,10399,0
2022-03-20,pavagadh,6,3,1,0,,sunny,32.4,9229,0
2022-03-21,somnath,0,3,0,0,,sunny,33.7,7899,0
2022-03-21,dwarka,0,3,0,0,,sunny,33.7,6915,0
2022-03-21,ambaji,0,3,0,0,,sunny,33.7,5544,0
2022-03-21,pavagadh,0,3,0,0,,sunny,33.7,5299,0
2022-03-22,somnath,1,3,0,0,,hot,40.4,8439,0
2022-03-22,dwarka,1,3,0,0,,hot,40.4,7440,0
2022-03-22,ambaji,1,3,0,0,,hot,40.4,6418,0
2022-03-22,pavagadh,1,3,0,0,,hot,40.4,5114,0
2022-03-23,somnath,2,3,0,0,,hot,36.2,8041,0
2022-03-23,dwarka,2,3,0,0,,hot,36.2,6489,0
2022-03-23,ambaji,2,3,0,0,,hot,36.2,6011,0
2022-03-23,pavagadh,2,3,0,0,,hot,36.2,4292,0
2022-03-24,somnath,3,3,0,0,,hot,33.1,8742,0
2022-03-24,dwarka,3,3,0,0,,hot,33.1,7079,0
2022-03-24,ambaji,3,3,0,0,,hot,33.1,6418,0
2022-03-24,pavagadh,3,3,0,0,,hot,33.1,5000,0
2022-03-25,somnath,4,3,0,0,,sunny,42.2,7418,0
2022-03-25,dwarka,4,3,0,0,,sunny,42.2,6283,0
2022-03-25,ambaji,4,3,0,0,,sunny,42.2,6285,0
2022-03-25,pavagadh,4,3,0,0,,sunny,42.2,4922,0
2022-03-26,somnath,5,3,1,0,,hot,34.0,15528,1
2022-03-26,dwarka,5,3,1,0,,hot,34.0,13602,0
2022-03-26,ambaji,5,3,1,0,,hot,34.0,10277,0
2022-03-26,pavagadh,5,3,1,0,,hot,34.0,8815,0
2022-03-27,somnath,6,3,1,0,,sunny,42.0,15129,1
2022-03-27,dwarka,6,3,1,0,,sunny,42.0,13723,0
2022-03-27,ambaji,6,3,1,0,,sunny,42.0,10795,0
2022-03-27,pavagadh,6,3,1,0,,sunny,42.0,8667,0
2022-03-28,somnath,0,3,0,0,,sunny,44.5,8106,0
2022-03-28,dwarka,0,3,0,0,,sunny,44.5,7075,0
2022-03-28,ambaji,0,3,0,0,,sunny,44.5,5743,0
2022-03-28,pavagadh,0,3,0,0,,sunny,44.5,5522,0
2022-03-29,somnath,1,3,0,0,,cloudy,37.2,7948,0
2022-03-29,dwarka,1,3,0,0,,cloudy,37.2,6796,0
2022-03-29,ambaji,1,3,0,0,,cloudy,37.2,5770,0
2022-03-29,pavagadh,1,3,0,0,,cloudy,37.2,4509,0
2022-03-30,somnath,2,3,0,0,,hot,42.0,8479,0
2022-03-30,dwarka,2,3,0,0,,hot,42.0,6425,0
2022-03-30,ambaji,2,3,0,0,,hot,42.0,6936,0
2022-03-30,pavagadh,2,3,0,0,,hot,42.0,5743,0
2022-03-31,somnath,3,3,0,0,,sunny,36.5,7480,0
2022-03-31,dwarka,3,3,0,0,,sunny,36.5,7220,0
2022-03-31,ambaji,3,3,0,0,,sunny,36.5,5589,0
2022-03-31,pavagadh,3,3,0,0,,sunny,36.5,4987,0
2022-04-01,somnath,4,4,0,0,,sunny,42.7,9203,0
2022-04-01,dwarka,4,4,0,0,,sunny,42.7,7823,0
2022-04-01,ambaji,4,4,0,0,,sunny,42.7,5443,0
2022-04-01,pavagadh,4,4,0,0,,sunny,42.7,4470,0
2022-04-02,somnath,5,4,1,0,,sunny,37.7,14115,0
2022-04-02,dwarka,5,4,1,0,,sunny,37.7,10161,0
2022-04-02,ambaji,5,4,1,0,,sunny,37.7,10615,0
2022-04-02,pavagadh,5,4,1,0,,sunny,37.7,10217,0
2022-04-03,somnath,6,4,1,0,,sunny,38.3,12791,0
2022-04-03,dwarka,6,4,1,0,,sunny,38.3,13203,0
2022-04-03,ambaji,6,4,1,0,,sunny,38.3,10617,0
2022-04-03,pavagadh,6,4,1,0,,sunny,38.3,10310,0
2022-04-04,somnath,0,4,0,0,,sunny,33.1,8330,0
2022-04-04,dwarka,0,4,0,0,,sunny,33.1,6734,0
2022-04-04,ambaji,0,4,0,0,,sunny,33.1,5397,0
2022-04-04,pavagadh,0,4,0,0,,sunny,33.1,5113,0
2022-04-05,somnath,1,4,0,0,,hot,32.4,8225,0
2022-04-05,dwarka,1,4,0,0,,hot,32.4,6732,0
2022-04-05,ambaji,1,4,0,0,,hot,32.4,6190,0
2022-04-05,pavagadh,1,4,0,0,,hot,32.4,5652,0
2022-04-06,somnath,2,4,0,0,,hot,43.4,5891,0
2022-04-06,dwarka,2,4,0,0,,hot,43.4,4948,0
2022-04-06,ambaji,2,4,0,0,,hot,43.4,5319,0
2022-04-06,pavagadh,2,4,0,0,,hot,43.4,3794,0
2022-04-07,somnath,3,4,0,0,,hot,41.4,6992,0
2022-04-07,dwarka,3,4,0,0,,hot,41.4,7063,0
2022-04-07,ambaji,3,4,0,0,,hot,41.4,5764,0
2022-04-07,pavagadh,3,4,0,0,,hot,41.4,4497,0
2022-04-08,somnath,4,4,0,0,,sunny,42.3,8354,0
2022-04-08,dwarka,4,4,0,0,,sunny,42.3,7205,0
2022-04-08,ambaji,4,4,0,0,,sunny,42.3,5862,0
2022-04-08,pavagadh,4,4,0,0,,sunny,42.3,4701,0
2022-04-09,somnath,5,4,1,0,,sunny,38.2,13284,0
2022-04-09,dwarka,5,4,1,0,,sunny,38.2,12408,0
2022-04-09,ambaji,5,4,1,0,,sunny,38.2,10781,0
2022-04-09,pavagadh,5,4,1,0,,sunny,38.2,8395,0
2022-04-10,somnath,6,4,1,1,Ram Navami,sunny,35.5,48488,1
2022-04-10,dwarka,6,4,1,1,Ram Navami,sunny,35.5,40632,1
2022-04-10,ambaji,6,4,1,1,Ram Navami,sunny,35.5,38328,1
2022-04-10,pavagadh,6,4,1,1,Ram Navami,sunny,35.5,27562,1
2022-04-11,somnath,0,4,0,0,,sunny,41.4,8724,0
2022-04-11,dwarka,0,4,0,0,,sunny,41.4,6906,0
2022-04-11,ambaji,0,4,0,0,,sunny,41.4,5957,0
2022-04-11,pavagadh,0,4,0,0,,sunny,41.4,5169,0
2022-04-12,somnath,1,4,0,0,,hot,35.0,8043,0
2022-04-12,dwarka,1,4,0,0,,hot,35.0,7080,0
2022-04-12,ambaji,1,4,0,0,,hot,35.0,5648,0
2022-04-12,pavagadh,1,4,0,0,,hot,35.0,4936,0
2022-04-13,somnath,2,4,0,0,,cloudy,39.2,7899,0
2022-04-13,dwarka,2,4,0,0,,cloudy,39.2,6742,0
2022-04-13,ambaji,2,4,0,0,,cloudy,39.2,6354,0
2022-04-13,pavagadh,2,4,0,0,,cloudy,39.2,4679,0
2022-04-14,somnath,3,4,0,0,,cloudy,39.5,7365,0
2022-04-14,dwarka,3,4,0,0,,cloudy,39.5,7108,0
2022-04-14,ambaji,3,4,0,0,,cloudy,39.5,6059,0
2022-04-14,pavagadh,3,4,0,0,,cloudy,39.5,5112,0
2022-04-15,somnath,4,4,0,0,,cloudy,38.2,8266,0
2022-04-15,dwarka,4,4,0,0,,cloudy,38.2,6522,0
2022-04-15,ambaji,4,4,0,0,,cloudy,38.2,6567,0
2022-04-15,pavagadh,4,4,0,0,,cloudy,38.2,5237,0
2022-04-16,somnath,5,4,1,0,,hot,33.9,13552,0
2022-04-16,dwarka,5,4,1,0,,hot,33.9,12291,0
2022-04-16,ambaji,5,4,1,0,,hot,33.9,11206,0
2022-04-16,pavagadh,5,4,1,0,,hot,33.9,8987,0
2022-04-17,somnath,6,4,1,0,,sunny,39.9,14596,0
2022-04-17,dwarka,6,4,1,0,,sunny,39.9,11946,0
2022-04-17,ambaji,6,4,1,0,,sunny,39.9,9922,0
2022-04-17,pavagadh,6,4,1,0,,sunny,39.9,8896,0
2022-04-18,somnath,0,4,0,0,,sunny,43.2,8511,0
2022-04-18,dwarka,0,4,0,0,,sunny,43.2,6972,0
2022-04-18,ambaji,0,4,0,0,,sunny,43.2,5553,0
2022-04-18,pavagadh,0,4,0,0,,sunny,43.2,4645,0
2022-04-19,somnath,1,4,0,0,,sunny,44.3,8108,0
2022-04-19,dwarka,1,4,0,0,,sunny,44.3,7349,0
2022-04-19,ambaji,1,4,0,0,,sunny,44.3,5860,0
2022-04-19,pavagadh,1,4,0,0,,sunny,44.3,4815,0
2022-04-20,somnath,2,4,0,0,,hot,33.0,8656,0
2022-04-20,dwarka,2,4,0,0,,hot,33.0,7010,0
2022-04-20,ambaji,2,4,0,0,,hot,33.0,5690,0
2022-04-20,pavagadh,2,4,0,0,,hot,33.0,4827,0
2022-04-21,somnath,3,4,0,0,,hot,41.2,7808,0
2022-04-21,dwarka,3,4,0,0,,hot,41.2,6447,0
2022-04-21,ambaji,3,4,0,0,,hot,41.2,5608,0
2022-04-21,pavagadh,3,4,0,0,,hot,41.2,4214,0
2022-04-22,somnath,4,4,0,0,,sunny,40.1,7260,0
2022-04-22,dwarka,4,4,0,0,,sunny,40.1,5963,0
2022-04-22,ambaji,4,4,0,0,,sunny,40.1,5497,0
2022-04-22,pavagadh,4,4,0,0,,sunny,40.1,5213,0
2022-04-23,somnath,5,4,1,0,,sunny,43.8,14593,0
2022-04-23,dwarka,5,4,1,0,,sunny,43.8,12278,0
2022-04-23,ambaji,5,4,1,0,,sunny,43.8,11150,0
2022-04-23,pavagadh,5,4,1,0,,sunny,43.8,9500,0
2022-04-24,somnath,6,4,1,0,,sunny,39.4,14266,0
2022-04-24,dwarka,6,4,1,0,,sunny,39.4,13073,0
2022-04-24,ambaji,6,4,1,0,,sunny,39.4,10328,0
2022-04-24,pavagadh,6,4,1,0,,sunny,39.4,8030,0
2022-04-25,somnath,0,4,0,0,,cloudy,38.5,7754,0
2022-04-25,dwarka,0,4,0,0,,cloudy,38.5,7008,0
2022-04-25,ambaji,0,4,0,0,,cloudy,38.5,6464,0
2022-04-25,pavagadh,0,4,0,0,,cloudy,38.5,5099,0
2022-04-26,somnath,1,4,0,0,,hot,35.3,9288,0
2022-04-26,dwarka,1,4,0,0,,hot,35.3,7729,0
2022-04-26,ambaji,1,4,0,0,,hot,35.3,6303,0
2022-04-26,pavagadh,1,4,0,0,,hot,35.3,4579,0
2022-04-27,somnath,2,4,0,0,,cloudy,45.0,7777,0
2022-04-27,dwarka,2,4,0,0,,cloudy,45.0,6633,0
2022-04-27,ambaji,2,4,0,0,,cloudy,45.0,6732,0
2022-04-27,pavagadh,2,4,0,0,,cloudy,45.0,5158,0
2022-04-28,somnath,3,4,0,0,,sunny,40.5,8328,0
2022-04-28,dwarka,3,4,0,0,,sunny,40.5,6833,0
2022-04-28,ambaji,3,4,0,0,,sunny,40.5,5451,0
2022-04-28,pavagadh,3,4,0,0,,sunny,40.5,4728,0
2022-04-29,somnath,4,4,0,0,,sunny,33.2,7688,0
2022-04-29,dwarka,4,4,0,0,,sunny,33.2,7386,0
2022-04-29,ambaji,4,4,0,0,,sunny,33.2,5573,0
2022-04-29,pavagadh,4,4,0,0,,sunny,33.2,4351,0
2022-04-30,somnath,5,4,1,0,,hot,41.0,13781,0
2022-04-30,dwarka,5,4,1,0,,hot,41.0,14812,0
2022-04-30,ambaji,5,4,1,0,,hot,41.0,11198,0
2022-04-30,pavagadh,5,4,1,0,,hot,41.0,8214,0
2022-05-01,somnath,6,5,1,0,,sunny,36.1,9190,0
2022-05-01,dwarka,6,5,1,0,,sunny,36.1,10391,0
2022-05-01,ambaji,6,5,1,0,,sunny,36.1,6998,0
2022-05-01,pavagadh,6,5,1,0,,sunny,36.1,6622,0
2022-05-02,somnath,0,5,0,0,,cloudy,40.5,5182,0
2022-05-02,dwarka,0,5,0,0,,cloudy,40.5,4800,0
2022-05-02,ambaji,0,5,0,0,,cloudy,40.5,4314,0
2022-05-02,pavagadh,0,5,0,0,,cloudy,40.5,3730,0
2022-05-03,somnath,1,5,0,0,,sunny,40.1,5618,0
2022-05-03,dwarka,1,5,0,0,,sunny,40.1,4653,0
2022-05-03,ambaji,1,5,0,0,,sunny,40.1,3512,0
2022-05-03,pavagadh,1,5,0,0,,sunny,40.1,3317,0
2022-05-04,somnath,2,5,0,0,,sunny,41.1,6417,0
2022-05-04,dwarka,2,5,0,0,,sunny,41.1,5583,0
2022-05-04,ambaji,2,5,0,0,,sunny,41.1,4019,0
2022-05-04,pavagadh,2,5,0,0,,sunny,41.1,3377,0
2022-05-05,somnath,3,5,0,0,,hot,39.2,5424,0
2022-05-05,dwarka,3,5,0,0,,hot,39.2,4848,0
2022-05-05,ambaji,3,5,0,0,,hot,39.2,4895,0
2022-05-05,pavagadh,3,5,0,0,,hot,39.2,3472,0
2022-05-06,somnath,4,5,0,0,,sunny,33.5,5843,0
2022-05-06,dwarka,4,5,0,0,,sunny,33.5,4525,0
2022-05-06,ambaji,4,5,0,0,,sunny,33.5,4122,0
2022-05-06,pavagadh,4,5,0,0,,sunny,33.5,3194,0
2022-05-07,somnath,5,5,1,0,,hot,42.9,7981,0
2022-05-07,dwarka,5,5,1,0,,hot,42.9,6569,0
2022-05-07,ambaji,5,5,1,0,,hot,42.9,5273,0
2022-05-07,pavagadh,5,5,1,0,,hot,42.9,4615,0
2022-05-08,somnath,6,5,1,0,,cloudy,38.6,11177,0
2022-05-08,dwarka,6,5,1,0,,cloudy,38.6,7911,0
2022-05-08,ambaji,6,5,1,0,,cloudy,38.6,7396,0
2022-05-08,pavagadh,6,5,1,0,,cloudy,38.6,7123,0
2022-05-09,somnath,0,5,0,0,,sunny,44.1,4822,0
2022-05-09,dwarka,0,5,0,0,,sunny,44.1,4867,0
2022-05-09,ambaji,0,5,0,0,,sunny,44.1,4146,0
2022-05-09,pavagadh,0,5,0,0,,sunny,44.1,3716,0
2022-05-10,somnath,1,5,0,0,,sunny,45.0,5362,0
2022-05-10,dwarka,1,5,0,0,,sunny,45.0,4914,0
2022-05-10,ambaji,1,5,0,0,,sunny,45.0,3919,0
2022-05-10,pavagadh,1,5,0,0,,sunny,45.0,3442,0
2022-05-11,somnath,2,5,0,0,,sunny,39.1,5244,0
2022-05-11,dwarka,2,5,0,0,,sunny,39.1,4990,0
2022-05-11,ambaji,2,5,0,0,,sunny,39.1,4383,0
2022-05-11,pavagadh,2,5,0,0,,sunny,39.1,3876,0
2022-05-12,somnath,3,5,0,0,,sunny,35.0,5620,0
2022-05-12,dwarka,3,5,0,0,,sunny,35.0,4792,0
2022-05-12,ambaji,3,5,0,0,,sunny,35.0,4184,0
2022-05-12,pavagadh,3,5,0,0,,sunny,35.0,3090,0
2022-05-13,somnath,4,5,0,0,,sunny,37.0,5198,0
2022-05-13,dwarka,4,5,0,0,,sunny,37.0,4316,0
2022-05-13,ambaji,4,5,0,0,,sunny,37.0,4566,0
2022-05-13,pavagadh,4,5,0,0,,sunny,37.0,3463,0
2022-05-14,somnath,5,5,1,0,,hot,38.5,8792,0
2022-05-14,dwarka,5,5,1,0,,hot,38.5,8103,0
2022-05-14,ambaji,5,5,1,0,,hot,38.5,7990,0
2022-05-14,pavagadh,5,5,1,0,,hot,38.5,5938,0
2022-05-15,somnath,6,5,1,0,,sunny,37.9,9946,0
2022-05-15,dwarka,6,5,1,0,,sunny,37.9,8151,0
2022-05-15,ambaji,6,5,1,0,,sunny,37.9,7375,0
2022-05-15,pavagadh,6,5,1,0,,sunny,37.9,6074,0
2022-05-16,somnath,0,5,0,0,,sunny,44.6,5259,0
2022-05-16,dwarka,0,5,0,0,,sunny,44.6,5379,0
2022-05-16,ambaji,0,5,0,0,,sunny,44.6,3838,0
2022-05-16,pavagadh,0,5,0,0,,sunny,44.6,3085,0
2022-05-17,somnath,1,5,0,0,,cloudy,43.2,5333,0
2022-05-17,dwarka,1,5,0,0,,cloudy,43.2,5120,0
2022-05-17,ambaji,1,5,0,0,,cloudy,43.2,4096,0
2022-05-17,pavagadh,1,5,0,0,,cloudy,43.2,3065,0
2022-05-18,somnath,2,5,0,0,,cloudy,32.5,6139,0
2022-05-18,dwarka,2,5,0,0,,cloudy,32.5,5116,0
2022-05-18,ambaji,2,5,0,0,,cloudy,32.5,5156,0
2022-05-18,pavagadh,2,5,0,0,,cloudy,32.5,3068,0
2022-05-19,somnath,3,5,0,0,,sunny,37.6,6085,0
2022-05-19,dwarka,3,5,0,0,,sunny,37.6,5202,0
2022-05-19,ambaji,3,5,0,0,,sunny,37.6,4438,0
2022-05-19,pavagadh,3,5,0,0,,sunny,37.6,3296,0
2022-05-20,somnath,4,5,0,0,,sunny,43.7,6318,0
2022-05-20,dwarka,4,5,0,0,,sunny,43.7,5087,0
2022-05-20,ambaji,4,5,0,0,,sunny,43.7,4118,0
2022-05-20,pavagadh,4,5,0,0,,sunny,43.7,3745,0
2022-05-21,somnath,5,5,1,0,,hot,38.9,8853,0
2022-05-21,dwarka,5,5,1,0,,hot,38.9,8348,0
2022-05-21,ambaji,5,5,1,0,,hot,38.9,7671,0
2022-05-21,pavagadh,5,5,1,0,,hot,38.9,6468,0
2022-05-22,somnath,6,5,1,0,,cloudy,40.1,10176,0
2022-05-22,dwarka,6,5,1,0,,cloudy,40.1,10279,0
2022-05-22,ambaji,6,5,1,0,,cloudy,40.1,7952,0
2022-05-22,pavagadh,6,5,1,0,,cloudy,40.1,6711,0
2022-05-23,somnath,0,5,0,0,,hot,35.3,6358,0
2022-05-23,dwarka,0,5,0,0,,hot,35.3,4939,0
2022-05-23,ambaji,0,5,0,0,,hot,35.3,4586,0
2022-05-23,pavagadh,0,5,0,0,,hot,35.3,3270,0
2022-05-24,somnath,1,5,0,0,,hot,37.7,5284,0
2022-05-24,dwarka,1,5,0,0,,hot,37.7,5304,0
2022-05-24,ambaji,1,5,0,0,,hot,37.7,3987,0
2022-05-24,pavagadh,1,5,0,0,,hot,37.7,3289,0
2022-05-25,somnath,2,5,0,0,,hot,43.0,4297,0
2022-05-25,dwarka,2,5,0,0,,hot,43.0,3933,0
2022-05-25,ambaji,2,5,0,0,,hot,43.0,2977,0
2022-05-25,pavagadh,2,5,0,0,,hot,43.0,2640,0
2022-05-26,somnath,3,5,0,0,,sunny,39.5,5951,0
2022-05-26,dwarka,3,5,0,0,,sunny,39.5,4886,0
2022-05-26,ambaji,3,5,0,0,,sunny,39.5,4657,0
2022-05-26,pavagadh,3,5,0,0,,sunny,39.5,3447,0
2022-05-27,somnath,4,5,0,0,,hot,39.4,5328,0
2022-05-27,dwarka,4,5,0,0,,hot,39.4,4341,0
2022-05-27,ambaji,4,5,0,0,,hot,39.4,4610,0
2022-05-27,pavagadh,4,5,0,0,,hot,39.4,3609,0
2022-05-28,somnath,5,5,1,0,,sunny,43.8,9775,0
2022-05-28,dwarka,5,5,1,0,,sunny,43.8,9974,0
2022-05-28,ambaji,5,5,1,0,,sunny,43.8,7147,0
2022-05-28,pavagadh,5,5,1,0,,sunny,43.8,6026,0
2022-05-29,somnath,6,5,1,0,,sunny,40.1,9550,0
2022-05-29,dwarka,6,5,1,0,,sunny,40.1,7870,0
2022-05-29,ambaji,6,5,1,0,,sunny,40.1,6975,0
2022-05-29,pavagadh,6,5,1,0,,sunny,40.1,5541,0
2022-05-30,somnath,0,5,0,0,,sunny,43.7,5381,0
2022-05-30,dwarka,0,5,0,0,,sunny,43.7,4649,0
2022-05-30,ambaji,0,5,0,0,,sunny,43.7,3814,0
2022-05-30,pavagadh,0,5,0,0,,sunny,43.7,3626,0
2022-05-31,somnath,1,5,0,0,,sunny,33.2,5405,0
2022-05-31,dwarka,1,5,0,0,,sunny,33.2,5485,0
2022-05-31,ambaji,1,5,0,0,,sunny,33.2,4276,0
2022-05-31,pavagadh,1,5,0,0,,sunny,33.2,3625,0
2022-06-01,somnath,2,6,0,0,,cloudy,33.8,4688,0
2022-06-01,dwarka,2,6,0,0,,cloudy,33.8,4743,0
2022-06-01,ambaji,2,6,0,0,,cloudy,33.8,4318,0
2022-06-01,pavagadh,2,6,0,0,,cloudy,33.8,3323,0
2022-06-02,somnath,3,6,0,0,,sunny,29.9,5842,0
2022-06-02,dwarka,3,6,0,0,,sunny,29.9,4329,0
2022-06-02,ambaji,3,6,0,0,,sunny,29.9,4118,0
2022-06-02,pavagadh,3,6,0,0,,sunny,29.9,3610,0
2022-06-03,somnath,4,6,0,0,,sunny,27.1,6415,0
2022-06-03,dwarka,4,6,0,0,,sunny,27.1,4748,0
2022-06-03,ambaji,4,6,0,0,,sunny,27.1,4058,0
2022-06-03,pavagadh,4,6,0,0,,sunny,27.1,2776,0
2022-06-04,somnath,5,6,1,0,,sunny,32.4,9191,0
2022-06-04,dwarka,5,6,1,0,,sunny,32.4,9694,0
2022-06-04,ambaji,5,6,1,0,,sunny,32.4,8261,0
2022-06-04,pavagadh,5,6,1,0,,sunny,32.4,6351,0
2022-06-05,somnath,6,6,1,0,,cloudy,31.4,9610,0
2022-06-05,dwarka,6,6,1,0,,cloudy,31.4,8046,0
2022-06-05,ambaji,6,6,1,0,,cloudy,31.4,8152,0
2022-06-05,pavagadh,6,6,1,0,,cloudy,31.4,5292,0
2022-06-06,somnath,0,6,0,0,,rainy,27.9,3877,0
2022-06-06,dwarka,0,6,0,0,,rainy,27.9,3012,0
2022-06-06,ambaji,0,6,0,0,,rainy,27.9,2131,0
2022-06-06,pavagadh,0,6,0,0,,rainy,27.9,1968,0
2022-06-07,somnath,1,6,0,0,,rainy,26.5,3607,0
2022-06-07,dwarka,1,6,0,0,,rainy,26.5,2508,0
2022-06-07,ambaji,1,6,0,0,,rainy,26.5,2458,0
2022-06-07,pavagadh,1,6,0,0,,rainy,26.5,2253,0
2022-06-08,somnath,2,6,0,0,,rainy,33.6,3262,0
2022-06-08,dwarka,2,6,0,0,,rainy,33.6,3182,0
2022-06-08,ambaji,2,6,0,0,,rainy,33.6,2844,0
2022-06-08,pavagadh,2,6,0,0,,rainy,33.6,2289,0
2022-06-09,somnath,3,6,0,0,,rainy,29.6,3161,0
2022-06-09,dwarka,3,6,0,0,,rainy,29.6,2621,0
2022-06-09,ambaji,3,6,0,0,,rainy,29.6,2706,0
2022-06-09,pavagadh,3,6,0,0,,rainy,29.6,2045,0
2022-06-10,somnath,4,6,0,0,,cloudy,27.2,5435,0
2022-06-10,dwarka,4,6,0,0,,cloudy,27.2,4986,0
2022-06-10,ambaji,4,6,0,0,,cloudy,27.2,3878,0
2022-06-10,pavagadh,4,6,0,0,,cloudy,27.2,3518,0
2022-06-11,somnath,5,6,1,0,,sunny,26.3,9518,0
2022-06-11,dwarka,5,6,1,0,,sunny,26.3,9340,0
2022-06-11,ambaji,5,6,1,0,,sunny,26.3,8622,0
2022-06-11,pavagadh,5,6,1,0,,sunny,26.3,6016,0
2022-06-12,somnath,6,6,1,0,,rainy,31.5,4844,0
2022-06-12,dwarka,6,6,1,0,,rainy,31.5,4990,0
2022-06-12,ambaji,6,6,1,0,,rainy,31.5,4320,0
2022-06-12,pavagadh,6,6,1,0,,rainy,31.5,4002,0
2022-06-13,somnath,0,6,0,0,,rainy,27.0,3520,0
2022-06-13,dwarka,0,6,0,0,,rainy,27.0,2742,0
2022-06-13,ambaji,0,6,0,0,,rainy,27.0,2379,0
2022-06-13,pavagadh,0,6,0,0,,rainy,27.0,1907,0
2022-06-14,somnath,1,6,0,0,,cloudy,26.2,5672,0
2022-06-14,dwarka,1,6,0,0,,cloudy,26.2,4633,0
2022-06-14,ambaji,1,6,0,0,,cloudy,26.2,4486,0
2022-06-14,pavagadh,1,6,0,0,,cloudy,26.2,3741,0
2022-06-15,somnath,2,6,0,0,,rainy,32.1,3407,0
2022-06-15,dwarka,2,6,0,0,,rainy,32.1,3088,0
2022-06-15,ambaji,2,6,0,0,,rainy,32.1,2635,0
2022-06-15,pavagadh,2,6,0,0,,rainy,32.1,1997,0
2022-06-16,somnath,3,6,0,0,,rainy,33.2,3858,0
2022-06-16,dwarka,3,6,0,0,,rainy,33.2,2948,0
2022-06-16,ambaji,3,6,0,0,,rainy,33.2,2581,0
2022-06-16,pavagadh,3,6,0,0,,rainy,33.2,2166,0
2022-06-17,somnath,4,6,0,0,,rainy,27.4,3329,0
2022-06-17,dwarka,4,6,0,0,,rainy,27.4,2897,0
2022-06-17,ambaji,4,6,0,0,,rainy,27.4,2852,0
2022-06-17,pavagadh,4,6,0,0,,rainy,27.4,2126,0
2022-06-18,somnath,5,6,1,0,,rainy,28.6,6116,0
2022-06-18,dwarka,5,6,1,0,,rainy,28.6,5408,0
2022-06-18,ambaji,5,6,1,0,,rainy,28.6,4514,0
2022-06-18,pavagadh,5,6,1,0,,rainy,28.6,3434,0
2022-06-19,somnath,6,6,1,0,,cloudy,29.8,10239,0
2022-06-19,dwarka,6,6,1,0,,cloudy,29.8,8038,0
2022-06-19,ambaji,6,6,1,0,,cloudy,29.8,8080,0
2022-06-19,pavagadh,6,6,1,0,,cloudy,29.8,6654,0
2022-06-20,somnath,0,6,0,0,,sunny,26.3,5775,0
2022-06-20,dwarka,0,6,0,0,,sunny,26.3,4178,0
2022-06-20,ambaji,0,6,0,0,,sunny,26.3,3855,0
2022-06-20,pavagadh,0,6,0,0,,sunny,26.3,3461,0
2022-06-21,somnath,1,6,0,0,,sunny,26.5,5178,0
2022-06-21,dwarka,1,6,0,0,,sunny,26.5,4949,0
2022-06-21,ambaji,1,6,0,0,,sunny,26.5,4057,0
2022-06-21,pavagadh,1,6,0,0,,sunny,26.5,3219,0
2022-06-22,somnath,2,6,0,0,,sunny,26.6,6103,0
2022-06-22,dwarka,2,6,0,0,,sunny,26.6,5145,0
2022-06-22,ambaji,2,6,0,0,,sunny,26.6,4431,0
2022-06-22,pavagadh,2,6,0,0,,sunny,26.6,3584,0
2022-06-23,somnath,3,6,0,0,,cloudy,30.4,4982,0
2022-06-23,dwarka,3,6,0,0,,cloudy,30.4,5958,0
2022-06-23,ambaji,3,6,0,0,,cloudy,30.4,3860,0
2022-06-23,pavagadh,3,6,0,0,,cloudy,30.4,3445,0
2022-06-24,somnath,4,6,0,0,,cloudy,26.8,5355,0
2022-06-24,dwarka,4,6,0,0,,cloudy,26.8,4213,0
2022-06-24,ambaji,4,6,0,0,,cloudy,26.8,3886,0
2022-06-24,pavagadh,4,6,0,0,,cloudy,26.8,3135,0
2022-06-25,somnath,5,6,1,0,,cloudy,27.7,9560,0
2022-06-25,dwarka,5,6,1,0,,cloudy,27.7,8963,0
2022-06-25,ambaji,5,6,1,0,,cloudy,27.7,7230,0
2022-06-25,pavagadh,5,6,1,0,,cloudy,27.7,6740,0
2022-06-26,somnath,6,6,1,0,,rainy,26.8,5447,0
2022-06-26,dwarka,6,6,1,0,,rainy,26.8,5553,0
2022-06-26,ambaji,6,6,1,0,,rainy,26.8,4398,0
2022-06-26,pavagadh,6,6,1,0,,rainy,26.8,3896,0
2022-06-27,somnath,0,6,0,0,,sunny,26.5,5691,0
2022-06-27,dwarka,0,6,0,0,,sunny,26.5,4758,0
2022-06-27,ambaji,0,6,0,0,,sunny,26.5,4624,0
2022-06-27,pavagadh,0,6,0,0,,sunny,26.5,3745,0
2022-06-28,somnath,1,6,0,0,,sunny,30.5,5138,0
2022-06-28,dwarka,1,6,0,0,,sunny,30.5,4656,0
2022-06-28,ambaji,1,6,0,0,,sunny,30.5,4123,0
2022-06-28,pavagadh,1,6,0,0,,sunny,30.5,3618,0
2022-06-29,somnath,2,6,0,0,,rainy,31.3,3361,0
2022-06-29,dwarka,2,6,0,0,,rainy,31.3,2496,0
2022-06-29,ambaji,2,6,0,0,,rainy,31.3,2430,0
2022-06-29,pavagadh,2,6,0,0,,rainy,31.3,1693,0
2022-06-30,somnath,3,6,0,0,,cloudy,28.8,5344,0
2022-06-30,dwarka,3,6,0,0,,cloudy,28.8,4780,0
2022-06-30,ambaji,3,6,0,0,,cloudy,28.8,4076,0
2022-06-30,pavagadh,3,6,0,0,,cloudy,28.8,3344,0
2022-07-01,somnath,4,7,0,0,,rainy,32.8,4389,0
2022-07-01,dwarka,4,7,0,0,,rainy,32.8,4595,0
2022-07-01,ambaji,4,7,0,0,,rainy,32.8,3162,0
2022-07-01,pavagadh,4,7,0,0,,rainy,32.8,2817,0
2022-07-02,somnath,5,7,1,0,,sunny,33.8,15021,1
2022-07-02,dwarka,5,7,1,0,,sunny,33.8,11415,0
2022-07-02,ambaji,5,7,1,0,,sunny,33.8,10683,0
2022-07-02,pavagadh,5,7,1,0,,sunny,33.8,8878,0
2022-07-03,somnath,6,7,1,0,,sunny,32.6,14325,0
2022-07-03,dwarka,6,7,1,0,,sunny,32.6,13193,0
2022-07-03,ambaji,6,7,1,0,,sunny,32.6,10596,0
2022-07-03,pavagadh,6,7,1,0,,sunny,32.6,8445,0
2022-07-04,somnath,0,7,0,0,,rainy,26.0,5118,0
2022-07-04,dwarka,0,7,0,0,,rainy,26.0,3903,0
2022-07-04,ambaji,0,7,0,0,,rainy,26.0,3479,0
2022-07-04,pavagadh,0,7,0,0,,rainy,26.0,3073,0
2022-07-05,somnath,1,7,0,0,,cloudy,26.2,7990,0
2022-07-05,dwarka,1,7,0,0,,cloudy,26.2,6635,0
2022-07-05,ambaji,1,7,0,0,,cloudy,26.2,5640,0
2022-07-05,pavagadh,1,7,0,0,,cloudy,26.2,5165,0
2022-07-06,somnath,2,7,0,0,,rainy,31.8,4878,0
2022-07-06,dwarka,2,7,0,0,,rainy,31.8,3798,0
2022-07-06,ambaji,2,7,0,0,,rainy,31.8,3676,0
2022-07-06,pavagadh,2,7,0,0,,rainy,31.8,3038,0
2022-07-07,somnath,3,7,0,0,,rainy,30.9,4668,0
2022-07-07,dwarka,3,7,0,0,,rainy,30.9,3977,0
2022-07-07,ambaji,3,7,0,0,,rainy,30.9,3436,0
2022-07-07,pavagadh,3,7,0,0,,rainy,30.9,2779,0
2022-07-08,somnath,4,7,0,0,,rainy,28.2,4805,0
2022-07-08,dwarka,4,7,0,0,,rainy,28.2,4045,0
2022-07-08,ambaji,4,7,0,0,,rainy,28.2,3401,0
2022-07-08,pavagadh,4,7,0,0,,rainy,28.2,3078,0
2022-07-09,somnath,5,7,1,0,,cloudy,29.9,14236,0
2022-07-09,dwarka,5,7,1,0,,cloudy,29.9,12350,0
2022-07-09,ambaji,5,7,1,0,,cloudy,29.9,9933,0
2022-07-09,pavagadh,5,7,1,0,,cloudy,29.9,9558,0
2022-07-10,somnath,6,7,1,0,,rainy,28.4,8725,0
2022-07-10,dwarka,6,7,1,0,,rainy,28.4,7859,0
2022-07-10,ambaji,6,7,1,0,,rainy,28.4,6465,0
2022-07-10,pavagadh,6,7,1,0,,rainy,28.4,5761,0
2022-07-11,somnath,0,7,0,0,,rainy,32.0,4958,0
2022-07-11,dwarka,0,7,0,0,,rainy,32.0,4475,0
2022-07-11,ambaji,0,7,0,0,,rainy,32.0,3509,0
2022-07-11,pavagadh,0,7,0,0,,rainy,32.0,2746,0
2022-07-12,somnath,1,7,0,0,,sunny,32.4,9073,0
2022-07-12,dwarka,1,7,0,0,,sunny,32.4,7457,0
2022-07-12,ambaji,1,7,0,0,,sunny,32.4,6084,0
2022-07-12,pavagadh,1,7,0,0,,sunny,32.4,5019,0
2022-07-13,somnath,2,7,0,0,,sunny,32.9,7304,0
2022-07-13,dwarka,2,7,0,0,,sunny,32.9,6686,0
2022-07-13,ambaji,2,7,0,0,,sunny,32.9,5882,0
2022-07-13,pavagadh,2,7,0,0,,sunny,32.9,4623,0
2022-07-14,somnath,3,7,0,0,,rainy,26.2,4507,0
2022-07-14,dwarka,3,7,0,0,,rainy,26.2,4705,0
2022-07-14,ambaji,3,7,0,0,,rainy,26.2,3224,0
2022-07-14,pavagadh,3,7,0,0,,rainy,26.2,2713,0
2022-07-15,somnath,4,7,0,0,,sunny,26.7,8251,0
2022-07-15,dwarka,4,7,0,0,,sunny,26.7,6675,0
2022-07-15,ambaji,4,7,0,0,,sunny,26.7,5535,0
2022-07-15,pavagadh,4,7,0,0,,sunny,26.7,4758,0
2022-07-16,somnath,5,7,1,0,,rainy,28.5,8329,0
2022-07-16,dwarka,5,7,1,0,,rainy,28.5,7992,0
2022-07-16,ambaji,5,7,1,0,,rainy,28.5,6766,0
2022-07-16,pavagadh,5,7,1,0,,rainy,28.5,5821,0
2022-07-17,somnath,6,7,1,0,,rainy,30.1,9139,0
2022-07-17,dwarka,6,7,1,0,,rainy,30.1,7267,0
2022-07-17,ambaji,6,7,1,0,,rainy,30.1,6353,0
2022-07-17,pavagadh,6,7,1,0,,rainy,30.1,4659,0
2022-07-18,somnath,0,7,0,0,,sunny,27.9,8241,0
2022-07-18,dwarka,0,7,0,0,,sunny,27.9,7277,0
2022-07-18,ambaji,0,7,0,0,,sunny,27.9,5392,0
2022-07-18,pavagadh,0,7,0,0,,sunny,27.9,4620,0
2022-07-19,somnath,1,7,0,0,,cloudy,27.4,8100,0
2022-07-19,dwarka,1,7,0,0,,cloudy,27.4,6393,0
2022-07-19,ambaji,1,7,0,0,,cloudy,27.4,6021,0
2022-07-19,pavagadh,1,7,0,0,,cloudy,27.4,4367,0
2022-07-20,somnath,2,7,0,0,,rainy,33.4,4330,0
2022-07-20,dwarka,2,7,0,0,,rainy,33.4,4024,0
2022-07-20,ambaji,2,7,0,0,,rainy,33.4,3217,0
2022-07-20,pavagadh,2,7,0,0,,rainy,33.4,2683,0
2022-07-21,somnath,3,7,0,0,,cloudy,27.2,8590,0
2022-07-21,dwarka,3,7,0,0,,cloudy,27.2,7236,0
2022-07-21,ambaji,3,7,0,0,,cloudy,27.2,5882,0
2022-07-21,pavagadh,3,7,0,0,,cloudy,27.2,5284,0
2022-07-22,somnath,4,7,0,0,,rainy,30.1,4654,0
2022-07-22,dwarka,4,7,0,0,,rainy,30.1,4521,0
2022-07-22,ambaji,4,7,0,0,,rainy,30.1,4078,0
2022-07-22,pavagadh,4,7,0,0,,rainy,30.1,3149,0
2022-07-23,somnath,5,7,1,0,,rainy,32.9,9190,0
2022-07-23,dwarka,5,7,1,0,,rainy,32.9,6942,0
2022-07-23,ambaji,5,7,1,0,,rainy,32.9,5939,0
2022-07-23,pavagadh,5,7,1,0,,rainy,32.9,5380,0
2022-07-24,somnath,6,7,1,0,,cloudy,32.3,15337,1
2022-07-24,dwarka,6,7,1,0,,cloudy,32.3,11971,0
2022-07-24,ambaji,6,7,1,0,,cloudy,32.3,11232,0
2022-07-24,pavagadh,6,7,1,0,,cloudy,32.3,8088,0
2022-07-25,somnath,0,7,0,0,,rainy,29.8,4875,0
2022-07-25,dwarka,0,7,0,0,,rainy,29.8,4291,0
2022-07-25,ambaji,0,7,0,0,,rainy,29.8,4060,0
2022-07-25,pavagadh,0,7,0,0,,rainy,29.8,3292,0
2022-07-26,somnath,1,7,0,0,,rainy,31.7,4579,0
2022-07-26,dwarka,1,7,0,0,,rainy,31.7,4194,0
2022-07-26,ambaji,1,7,0,0,,rainy,31.7,3604,0
2022-07-26,pavagadh,1,7,0,0,,rainy,31.7,3241,0
2022-07-27,somnath,2,7,0,0,,rainy,30.2,4989,0
2022-07-27,dwarka,2,7,0,0,,rainy,30.2,4456,0
2022-07-27,ambaji,2,7,0,0,,rainy,30.2,3543,0
2022-07-27,pavagadh,2,7,0,0,,rainy,30.2,3226,0
2022-07-28,somnath,3,7,0,0,,rainy,30.8,4927,0
2022-07-28,dwarka,3,7,0,0,,rainy,30.8,3759,0
2022-07-28,ambaji,3,7,0,0,,rainy,30.8,3710,0
2022-07-28,pavagadh,3,7,0,0,,rainy,30.8,3040,0
2022-07-29,somnath,4,7,0,0,,cloudy,28.3,7856,0
2022-07-29,dwarka,4,7,0,0,,cloudy,28.3,6243,0
2022-07-29,ambaji,4,7,0,0,,cloudy,28.3,6761,0
2022-07-29,pavagadh,4,7,0,0,,cloudy,28.3,4577,0
2022-07-30,somnath,5,7,1,0,,rainy,30.7,9019,0
2022-07-30,dwarka,5,7,1,0,,rainy,30.7,7968,0
2022-07-30,ambaji,5,7,1,0,,rainy,30.7,7217,0
2022-07-30,pavagadh,5,7,1,0,,rainy,30.7,5274,0
2022-07-31,somnath,6,7,1,0,,rainy,30.8,9156,0
2022-07-31,dwarka,6,7,1,0,,rainy,30.8,7375,0
2022-07-31,ambaji,6,7,1,0,,rainy,30.8,5865,0
2022-07-31,pavagadh,6,7,1,0,,rainy,30.8,5902,0
2022-08-01,somnath,0,8,0,0,,sunny,31.4,8468,0
2022-08-01,dwarka,0,8,0,0,,sunny,31.4,6243,0
2022-08-01,ambaji,0,8,0,0,,sunny,31.4,5783,0
2022-08-01,pavagadh,0,8,0,0,,sunny,31.4,4579,0
2022-08-02,somnath,1,8,0,0,,cloudy,29.4,7632,0
2022-08-02,dwarka,1,8,0,0,,cloudy,29.4,7380,0
2022-08-02,ambaji,1,8,0,0,,cloudy,29.4,6133,0
2022-08-02,pavagadh,1,8,0,0,,cloudy,29.4,5236,0
2022-08-03,somnath,2,8,0,0,,sunny,29.9,8048,0
2022-08-03,dwarka,2,8,0,0,,sunny,29.9,7283,0
2022-08-03,ambaji,2,8,0,0,,sunny,29.9,6768,0
2022-08-03,pavagadh,2,8,0,0,,sunny,29.9,5337,0
2022-08-04,somnath,3,8,0,0,,rainy,32.2,5181,0
2022-08-04,dwarka,3,8,0,0,,rainy,32.2,3638,0
2022-08-04,ambaji,3,8,0,0,,rainy,32.2,3838,0
2022-08-04,pavagadh,3,8,0,0,,rainy,32.2,3048,0
2022-08-05,somnath,4,8,0,0,,cloudy,27.0,7745,0
2022-08-05,dwarka,4,8,0,0,,cloudy,27.0,7218,0
2022-08-05,ambaji,4,8,0,0,,cloudy,27.0,6378,0
2022-08-05,pavagadh,4,8,0,0,,cloudy,27.0,4438,0
2022-08-06,somnath,5,8,1,0,,sunny,27.3,13373,0
2022-08-06,dwarka,5,8,1,0,,sunny,27.3,12971,0
2022-08-06,ambaji,5,8,1,0,,sunny,27.3,10534,0
2022-08-06,pavagadh,5,8,1,0,,sunny,27.3,8555,0
2022-08-07,somnath,6,8,1,0,,rainy,28.3,8633,0
2022-08-07,dwarka,6,8,1,0,,rainy,28.3,6941,0
2022-08-07,ambaji,6,8,1,0,,rainy,28.3,6071,0
2022-08-07,pavagadh,6,8,1,0,,rainy,28.3,5326,0
2022-08-08,somnath,0,8,0,0,,sunny,29.8,8293,0
2022-08-08,dwarka,0,8,0,0,,sunny,29.8,6567,0
2022-08-08,ambaji,0,8,0,0,,sunny,29.8,7227,0
2022-08-08,pavagadh,0,8,0,0,,sunny,29.8,4647,0
2022-08-09,somnath,1,8,0,0,,cloudy,28.3,7459,0
2022-08-09,dwarka,1,8,0,0,,cloudy,28.3,7435,0
2022-08-09,ambaji,1,8,0,0,,cloudy,28.3,6811,0
2022-08-09,pavagadh,1,8,0,0,,cloudy,28.3,4855,0
2022-08-10,somnath,2,8,0,0,,sunny,27.1,8000,0
2022-08-10,dwarka,2,8,0,0,,sunny,27.1,7752,0
2022-08-10,ambaji,2,8,0,0,,sunny,27.1,6402,0
2022-08-10,pavagadh,2,8,0,0,,sunny,27.1,4661,0
2022-08-11,somnath,3,8,0,0,,rainy,32.8,4975,0
2022-08-11,dwarka,3,8,0,0,,rainy,32.8,3992,0
2022-08-11,ambaji,3,8,0,0,,rainy,32.8,3618,0
2022-08-11,pavagadh,3,8,0,0,,rainy,32.8,2821,0
2022-08-12,somnath,4,8,0,0,,sunny,27.2,6659,0
2022-08-12,dwarka,4,8,0,0,,sunny,27.2,7486,0
2022-08-12,ambaji,4,8,0,0,,sunny,27.2,6086,0
2022-08-12,pavagadh,4,8,0,0,,sunny,27.2,5404,0
2022-08-13,somnath,5,8,1,0,,rainy,26.2,9363,0
2022-08-13,dwarka,5,8,1,0,,rainy,26.2,7780,0
2022-08-13,ambaji,5,8,1,0,,rainy,26.2,6620,0
2022-08-13,pavagadh,5,8,1,0,,rainy,26.2,6702,0
2022-08-14,somnath,6,8,1,0,,rainy,26.2,9764,0
2022-08-14,dwarka,6,8,1,0,,rainy,26.2,7104,0
2022-08-14,ambaji,6,8,1,0,,rainy,26.2,5974,0
2022-08-14,pavagadh,6,8,1,0,,rainy,26.2,4820,0
2022-08-15,somnath,0,8,0,0,,rainy,28.3,5067,0
2022-08-15,dwarka,0,8,0,0,,rainy,28.3,3774,0
2022-08-15,ambaji,0,8,0,0,,rainy,28.3,3872,0
2022-08-15,pavagadh,0,8,0,0,,rainy,28.3,3269,0
2022-08-16,somnath,1,8,0,0,,rainy,26.0,5043,0
2022-08-16,dwarka,1,8,0,0,,rainy,26.0,4316,0
2022-08-16,ambaji,1,8,0,0,,rainy,26.0,3773,0
2022-08-16,pavagadh,1,8,0,0,,rainy,26.0,2756,0
2022-08-17,somnath,2,8,0,0,,cloudy,30.2,8379,0
2022-08-17,dwarka,2,8,0,0,,cloudy,30.2,7278,0
2022-08-17,ambaji,2,8,0,0,,cloudy,30.2,5956,0
2022-08-17,pavagadh,2,8,0,0,,cloudy,30.2,5111,0
2022-08-18,somnath,3,8,0,0,,rainy,32.4,4632,0
2022-08-18,dwarka,3,8,0,0,,rainy,32.4,4241,0
2022-08-18,ambaji,3,8,0,0,,rainy,32.4,3901,0
2022-08-18,pavagadh,3,8,0,0,,rainy,32.4,2830,0
2022-08-19,somnath,4,8,0,1,Janmashtami,rainy,30.1,16328,1
2022-08-19,dwarka,4,8,0,1,Janmashtami,rainy,30.1,22821,1
2022-08-19,ambaji,4,8,0,1,Janmashtami,rainy,30.1,10547,0
2022-08-19,pavagadh,4,8,0,1,Janmashtami,rainy,30.1,9770,0
2022-08-20,somnath,5,8,1,1,Janmashtami,sunny,26.5,39425,1
2022-08-20,dwarka,5,8,1,1,Janmashtami,sunny,26.5,63026,1
2022-08-20,ambaji,5,8,1,1,Janmashtami,sunny,26.5,32783,1
2022-08-20,pavagadh,5,8,1,1,Janmashtami,sunny,26.5,36542,1
2022-08-21,somnath,6,8,1,0,,rainy,26.1,8783,0
2022-08-21,dwarka,6,8,1,0,,rainy,26.1,7054,0
2022-08-21,ambaji,6,8,1,0,,rainy,26.1,6407,0
2022-08-21,pavagadh,6,8,1,0,,rainy,26.1,4834,0
2022-08-22,somnath,0,8,0,0,,cloudy,31.9,7910,0
2022-08-22,dwarka,0,8,0,0,,cloudy,31.9,7137,0
2022-08-22,ambaji,0,8,0,0,,cloudy,31.9,5210,0
2022-08-22,pavagadh,0,8,0,0,,cloudy,31.9,4804,0
2022-08-23,somnath,1,8,0,0,,rainy,32.2,4259,0
2022-08-23,dwarka,1,8,0,0,,rainy,32.2,4307,0
2022-08-23,ambaji,1,8,0,0,,rainy,32.2,3266,0
2022-08-23,pavagadh,1,8,0,0,,rainy,32.2,2697,0
2022-08-24,somnath,2,8,0,0,,rainy,32.2,4510,0
2022-08-24,dwarka,2,8,0,0,,rainy,32.2,4269,0
2022-08-24,ambaji,2,8,0,0,,rainy,32.2,3773,0
2022-08-24,pavagadh,2,8,0,0,,rainy,32.2,3041,0
2022-08-25,somnath,3,8,0,0,,rainy,33.5,3723,0
2022-08-25,dwarka,3,8,0,0,,rainy,33.5,4109,0
2022-08-25,ambaji,3,8,0,0,,rainy,33.5,3401,0
2022-08-25,pavagadh,3,8,0,0,,rainy,33.5,2954,0
2022-08-26,somnath,4,8,0,0,,cloudy,27.5,7349,0
2022-08-26,dwarka,4,8,0,0,,cloudy,27.5,7716,0
2022-08-26,ambaji,4,8,0,0,,cloudy,27.5,6269,0
2022-08-26,pavagadh,4,8,0,0,,cloudy,27.5,4748,0
2022-08-27,somnath,5,8,1,0,,rainy,28.9,9461,0
2022-08-27,dwarka,5,8,1,0,,rainy,28.9,6962,0
2022-08-27,ambaji,5,8,1,0,,rainy,28.9,6859,0
2022-08-27,pavagadh,5,8,1,0,,rainy,28.9,5154,0
2022-08-28,somnath,6,8,1,0,,sunny,30.0,11946,0
2022-08-28,dwarka,6,8,1,0,,sunny,30.0,12633,0
2022-08-28,ambaji,6,8,1,0,,sunny,30.0,9355,0
2022-08-28,pavagadh,6,8,1,0,,sunny,30.0,8853,0
2022-08-29,somnath,0,8,0,0,,cloudy,26.6,7108,0
2022-08-29,dwarka,0,8,0,0,,cloudy,26.6,6414,0
2022-08-29,ambaji,0,8,0,0,,cloudy,26.6,5620,0
2022-08-29,pavagadh,0,8,0,0,,cloudy,26.6,4907,0
2022-08-30,somnath,1,8,0,0,,rainy,31.3,4630,0
2022-08-30,dwarka,1,8,0,0,,rainy,31.3,4601,0
2022-08-30,ambaji,1,8,0,0,,rainy,31.3,3231,0
2022-08-30,pavagadh,1,8,0,0,,rainy,31.3,3154,0
2022-08-31,somnath,2,8,0,0,,rainy,26.3,5030,0
2022-08-31,dwarka,2,8,0,0,,rainy,26.3,3986,0
2022-08-31,ambaji,2,8,0,0,,rainy,26.3,3816,0
2022-08-31,pavagadh,2,8,0,0,,rainy,26.3,2998,0
2022-09-01,somnath,3,9,0,0,,sunny,33.6,8762,0
2022-09-01,dwarka,3,9,0,0,,sunny,33.6,7340,0
2022-09-01,ambaji,3,9,0,0,,sunny,33.6,5472,0
2022-09-01,pavagadh,3,9,0,0,,sunny,33.6,5510,0
2022-09-02,somnath,4,9,0,0,,cloudy,33.6,8512,0
2022-09-02,dwarka,4,9,0,0,,cloudy,33.6,7561,0
2022-09-02,ambaji,4,9,0,0,,cloudy,33.6,6023,0
2022-09-02,pavagadh,4,9,0,0,,cloudy,33.6,4902,0
2022-09-03,somnath,5,9,1,0,,rainy,32.2,8215,0
2022-09-03,dwarka,5,9,1,0,,rainy,32.2,7975,0
2022-09-03,ambaji,5,9,1,0,,rainy,32.2,5876,0
2022-09-03,pavagadh,5,9,1,0,,rainy,32.2,5174,0
2022-09-04,somnath,6,9,1,0,,cloudy,33.6,13129,0
2022-09-04,dwarka,6,9,1,0,,cloudy,33.6,13755,0
2022-09-04,ambaji,6,9,1,0,,cloudy,33.6,9911,0
2022-09-04,pavagadh,6,9,1,0,,cloudy,33.6,8629,0
2022-09-05,somnath,0,9,0,0,,rainy,31.2,4800,0
2022-09-05,dwarka,0,9,0,0,,rainy,31.2,4355,0
2022-09-05,ambaji,0,9,0,0,,rainy,31.2,3571,0
2022-09-05,pavagadh,0,9,0,0,,rainy,31.2,2737,0
2022-09-06,somnath,1,9,0,0,,rainy,30.5,4779,0
2022-09-06,dwarka,1,9,0,0,,rainy,30.5,4444,0
2022-09-06,ambaji,1,9,0,0,,rainy,30.5,2746,0
2022-09-06,pavagadh,1,9,0,0,,rainy,30.5,3250,0
2022-09-07,somnath,2,9,0,0,,rainy,33.3,4616,0
2022-09-07,dwarka,2,9,0,0,,rainy,33.3,4209,0
2022-09-07,ambaji,2,9,0,0,,rainy,33.3,3778,0
2022-09-07,pavagadh,2,9,0,0,,rainy,33.3,2803,0
2022-09-08,somnath,3,9,0,0,,sunny,29.6,8773,0
2022-09-08,dwarka,3,9,0,0,,sunny,29.6,7416,0
2022-09-08,ambaji,3,9,0,0,,sunny,29.6,6223,0
2022-09-08,pavagadh,3,9,0,0,,sunny,29.6,4728,0
2022-09-09,somnath,4,9,0,0,,rainy,26.5,4068,0
2022-09-09,dwarka,4,9,0,0,,rainy,26.5,4026,0
2022-09-09,ambaji,4,9,0,0,,rainy,26.5,3853,0
2022-09-09,pavagadh,4,9,0,0,,rainy,26.5,2715,0
2022-09-10,somnath,5,9,1,0,,sunny,31.1,14749,0
2022-09-10,dwarka,5,9,1,0,,sunny,31.1,11515,0
2022-09-10,ambaji,5,9,1,0,,sunny,31.1,11192,0
2022-09-10,pavagadh,5,9,1,0,,sunny,31.1,9312,0
2022-09-11,somnath,6,9,1,0,,rainy,32.3,9452,0
2022-09-11,dwarka,6,9,1,0,,rainy,32.3,7678,0
2022-09-11,ambaji,6,9,1,0,,rainy,32.3,5884,0
2022-09-11,pavagadh,6,9,1,0,,rainy,32.3,5936,0
2022-09-12,somnath,0,9,0,0,,cloudy,30.9,8442,0
2022-09-12,dwarka,0,9,0,0,,cloudy,30.9,7233,0
2022-09-12,ambaji,0,9,0,0,,cloudy,30.9,6717,0
2022-09-12,pavagadh,0,9,0,0,,cloudy,30.9,4998,0
2022-09-13,somnath,1,9,0,0,,cloudy,32.2,8104,0
2022-09-13,dwarka,1,9,0,0,,cloudy,32.2,6816,0
2022-09-13,ambaji,1,9,0,0,,cloudy,32.2,6636,0
2022-09-13,pavagadh,1,9,0,0,,cloudy,32.2,4907,0
2022-09-14,somnath,2,9,0,0,,rainy,31.4,4387,0
2022-09-14,dwarka,2,9,0,0,,rainy,31.4,4735,0
2022-09-14,ambaji,2,9,0,0,,rainy,31.4,3673,0
2022-09-14,pavagadh,2,9,0,0,,rainy,31.4,2684,0
2022-09-15,somnath,3,9,0,0,,rainy,33.7,4079,0
2022-09-15,dwarka,3,9,0,0,,rainy,33.7,4484,0
2022-09-15,ambaji,3,9,0,0,,rainy,33.7,3731,0
2022-09-15,pavagadh,3,9,0,0,,rainy,33.7,3040,0
2022-09-16,somnath,4,9,0,0,,rainy,27.3,4551,0
2022-09-16,dwarka,4,9,0,0,,rainy,27.3,4644,0
2022-09-16,ambaji,4,9,0,0,,rainy,27.3,3236,0
2022-09-16,pavagadh,4,9,0,0,,rainy,27.3,3441,0
2022-09-17,somnath,5,9,1,0,,sunny,32.8,14394,0
2022-09-17,dwarka,5,9,1,0,,sunny,32.8,13942,0
2022-09-17,ambaji,5,9,1,0,,sunny,32.8,10402,0
2022-09-17,pavagadh,5,9,1,0,,sunny,32.8,8890,0
2022-09-18,somnath,6,9,1,0,,rainy,30.3,8246,0
2022-09-18,dwarka,6,9,1,0,,rainy,30.3,7554,0
2022-09-18,ambaji,6,9,1,0,,rainy,30.3,6743,0
2022-09-18,pavagadh,6,9,1,0,,rainy,30.3,5316,0
2022-09-19,somnath,0,9,0,0,,cloudy,31.8,7089,0
2022-09-19,dwarka,0,9,0,0,,cloudy,31.8,6381,0
2022-09-19,ambaji,0,9,0,0,,cloudy,31.8,5226,0
2022-09-19,pavagadh,0,9,0,0,,cloudy,31.8,4727,0
2022-09-20,somnath,1,9,0,0,,rainy,26.4,4502,0
2022-09-20,dwarka,1,9,0,0,,rainy,26.4,3879,0
2022-09-20,ambaji,1,9,0,0,,rainy,26.4,3332,0
2022-09-20,pavagadh,1,9,0,0,,rainy,26.4,2688,0
2022-09-21,somnath,2,9,0,0,,rainy,31.1,4294,0
2022-09-21,dwarka,2,9,0,0,,rainy,31.1,4205,0
2022-09-21,ambaji,2,9,0,0,,rainy,31.1,3433,0
2022-09-21,pavagadh,2,9,0,0,,rainy,31.1,3546,0
2022-09-22,somnath,3,9,0,0,,cloudy,32.4,7800,0
2022-09-22,dwarka,3,9,0,0,,cloudy,32.4,6595,0
2022-09-22,ambaji,3,9,0,0,,cloudy,32.4,6142,0
2022-09-22,pavagadh,3,9,0,0,,cloudy,32.4,5058,0
2022-09-23,somnath,4,9,0,0,,rainy,29.9,4940,0
2022-09-23,dwarka,4,9,0,0,,rainy,29.9,4612,0
2022-09-23,ambaji,4,9,0,0,,rainy,29.9,3435,0
2022-09-23,pavagadh,4,9,0,0,,rainy,29.9,3331,0
2022-09-24,somnath,5,9,1,0,,cloudy,32.9,14965,0
2022-09-24,dwarka,5,9,1,0,,cloudy,32.9,12523,0
2022-09-24,ambaji,5,9,1,0,,cloudy,32.9,10085,0
2022-09-24,pavagadh,5,9,1,0,,cloudy,32.9,9630,0
2022-09-25,somnath,6,9,1,0,,rainy,29.7,8586,0
2022-09-25,dwarka,6,9,1,0,,rainy,29.7,7985,0
2022-09-25,ambaji,6,9,1,0,,rainy,29.7,6810,0
2022-09-25,pavagadh,6,9,1,0,,rainy,29.7,5592,0
2022-09-26,somnath,0,9,0,1,Navratri Day 1,rainy,30.9,16049,1
2022-09-26,dwarka,0,9,0,1,Navratri Day 1,rainy,30.9,13512,0
2022-09-26,ambaji,0,9,0,1,Navratri Day 1,rainy,30.9,20087,1
2022-09-26,pavagadh,0,9,0,1,Navratri Day 1,rainy,30.9,15916,1
2022-09-27,somnath,1,9,0,1,Navratri Day 2,cloudy,30.0,31202,1
2022-09-27,dwarka,1,9,0,1,Navratri Day 2,cloudy,30.0,25182,1
2022-09-27,ambaji,1,9,0,1,Navratri Day 2,cloudy,30.0,39289,1
2022-09-27,pavagadh,1,9,0,1,Navratri Day 2,cloudy,30.0,21771,1
2022-09-28,somnath,2,9,0,1,Navratri Day 3,cloudy,33.1,26561,1
2022-09-28,dwarka,2,9,0,1,Navratri Day 3,cloudy,33.1,27391,1
2022-09-28,ambaji,2,9,0,1,Navratri Day 3,cloudy,33.1,36908,1
2022-09-28,pavagadh,2,9,0,1,Navratri Day 3,cloudy,33.1,23634,1
2022-09-29,somnath,3,9,0,1,Navratri Day 4,rainy,29.2,17693,1
2022-09-29,dwarka,3,9,0,1,Navratri Day 4,rainy,29.2,14064,0
2022-09-29,ambaji,3,9,0,1,Navratri Day 4,rainy,29.2,20837,1
2022-09-29,pavagadh,3,9,0,1,Navratri Day 4,rainy,29.2,15456,1
2022-09-30,somnath,4,9,0,1,Navratri Day 5,cloudy,27.0,28464,1
2022-09-30,dwarka,4,9,0,1,Navratri Day 5,cloudy,27.0,25303,1
2022-09-30,ambaji,4,9,0,1,Navratri Day 5,cloudy,27.0,38510,1
2022-09-30,pavagadh,4,9,0,1,Navratri Day 5,cloudy,27.0,22629,1
2022-10-01,somnath,5,10,1,1,Navratri Day 6,sunny,25.5,43260,1
2022-10-01,dwarka,5,10,1,1,Navratri Day 6,sunny,25.5,46767,1
2022-10-01,ambaji,5,10,1,1,Navratri Day 6,sunny,25.5,59574,1
2022-10-01,pavagadh,5,10,1,1,Navratri Day 6,sunny,25.5,43988,1
2022-10-02,somnath,6,10,1,1,Navratri Day 7,sunny,34.9,52733,1
2022-10-02,dwarka,6,10,1,1,Navratri Day 7,sunny,34.9,51357,1
2022-10-02,ambaji,6,10,1,1,Navratri Day 7,sunny,34.9,61607,1
2022-10-02,pavagadh,6,10,1,1,Navratri Day 7,sunny,34.9,44135,1
2022-10-03,somnath,0,10,0,1,Navratri Day 8,sunny,31.7,28152,1
2022-10-03,dwarka,0,10,0,1,Navratri Day 8,sunny,31.7,24325,1
2022-10-03,ambaji,0,10,0,1,Navratri Day 8,sunny,31.7,39229,1
2022-10-03,pavagadh,0,10,0,1,Navratri Day 8,sunny,31.7,27639,1
2022-10-04,somnath,1,10,0,1,Navratri Day 9 (Maha Navami),cloudy,32.8,28113,1
2022-10-04,dwarka,1,10,0,1,Navratri Day 9 (Maha Navami),cloudy,32.8,20026,1
2022-10-04,ambaji,1,10,0,1,Navratri Day 9 (Maha Navami),cloudy,32.8,31915,1
2022-10-04,pavagadh,1,10,0,1,Navratri Day 9 (Maha Navami),cloudy,32.8,19033,1
2022-10-05,somnath,2,10,0,1,Dussehra,sunny,25.3,31943,1
2022-10-05,dwarka,2,10,0,1,Dussehra,sunny,25.3,23413,1
2022-10-05,ambaji,2,10,0,1,Dussehra,sunny,25.3,18376,1
2022-10-05,pavagadh,2,10,0,1,Dussehra,sunny,25.3,17520,1
2022-10-06,somnath,3,10,0,0,,cloudy,33.7,7981,0
2022-10-06,dwarka,3,10,0,0,,cloudy,33.7,6812,0
2022-10-06,ambaji,3,10,0,0,,cloudy,33.7,6198,0
2022-10-06,pavagadh,3,10,0,0,,cloudy,33.7,5195,0
2022-10-07,somnath,4,10,0,0,,sunny,31.6,7486,0
2022-10-07,dwarka,4,10,0,0,,sunny,31.6,6927,0
2022-10-07,ambaji,4,10,0,0,,sunny,31.6,6461,0
2022-10-07,pavagadh,4,10,0,0,,sunny,31.6,5733,0
2022-10-08,somnath,5,10,1,0,,sunny,28.5,14638,0
2022-10-08,dwarka,5,10,1,0,,sunny,28.5,11105,0
2022-10-08,ambaji,5,10,1,0,,sunny,28.5,10026,0
2022-10-08,pavagadh,5,10,1,0,,sunny,28.5,8187,0
2022-10-09,somnath,6,10,1,0,,sunny,26.9,14430,0
2022-10-09,dwarka,6,10,1,0,,sunny,26.9,13807,0
2022-10-09,ambaji,6,10,1,0,,sunny,26.9,11142,0
2022-10-09,pavagadh,6,10,1,0,,sunny,26.9,10791,0
2022-10-10,somnath,0,10,0,0,,sunny,27.9,8249,0
2022-10-10,dwarka,0,10,0,0,,sunny,27.9,7791,0
2022-10-10,ambaji,0,10,0,0,,sunny,27.9,5830,0
2022-10-10,pavagadh,0,10,0,0,,sunny,27.9,5317,0
2022-10-11,somnath,1,10,0,0,,cloudy,33.0,7955,0
2022-10-11,dwarka,1,10,0,0,,cloudy,33.0,7265,0
2022-10-11,ambaji,1,10,0,0,,cloudy,33.0,5804,0
2022-10-11,pavagadh,1,10,0,0,,cloudy,33.0,4672,0
2022-10-12,somnath,2,10,0,0,,cloudy,33.2,9040,0
2022-10-12,dwarka,2,10,0,0,,cloudy,33.2,6733,0
2022-10-12,ambaji,2,10,0,0,,cloudy,33.2,5907,0
2022-10-12,pavagadh,2,10,0,0,,cloudy,33.2,5299,0
2022-10-13,somnath,3,10,0,0,,cloudy,28.5,7568,0
2022-10-13,dwarka,3,10,0,0,,cloudy,28.5,7143,0
2022-10-13,ambaji,3,10,0,0,,cloudy,28.5,5700,0
2022-10-13,pavagadh,3,10,0,0,,cloudy,28.5,5033,0
2022-10-14,somnath,4,10,0,0,,sunny,34.3,7892,0
2022-10-14,dwarka,4,10,0,0,,sunny,34.3,6731,0
2022-10-14,ambaji,4,10,0,0,,sunny,34.3,5553,0
2022-10-14,pavagadh,4,10,0,0,,sunny,34.3,4669,0
2022-10-15,somnath,5,10,1,0,,sunny,31.7,12890,0
2022-10-15,dwarka,5,10,1,0,,sunny,31.7,12339,0
2022-10-15,ambaji,5,10,1,0,,sunny,31.7,11591,0
2022-10-15,pavagadh,5,10,1,0,,sunny,31.7,9226,0
2022-10-16,somnath,6,10,1,0,,cloudy,26.0,14414,0
2022-10-16,dwarka,6,10,1,0,,cloudy,26.0,12504,0
2022-10-16,ambaji,6,10,1,0,,cloudy,26.0,9029,0
2022-10-16,pavagadh,6,10,1,0,,cloudy,26.0,8517,0
2022-10-17,somnath,0,10,0,0,,sunny,34.4,8494,0
2022-10-17,dwarka,0,10,0,0,,sunny,34.4,6586,0
2022-10-17,ambaji,0,10,0,0,,sunny,34.4,6362,0
2022-10-17,pavagadh,0,10,0,0,,sunny,34.4,5918,0
2022-10-18,somnath,1,10,0,0,,sunny,31.5,8218,0
2022-10-18,dwarka,1,10,0,0,,sunny,31.5,6876,0
2022-10-18,ambaji,1,10,0,0,,sunny,31.5,5502,0
2022-10-18,pavagadh,1,10,0,0,,sunny,31.5,4792,0
2022-10-19,somnath,2,10,0,0,,cloudy,34.4,8318,0
2022-10-19,dwarka,2,10,0,0,,cloudy,34.4,6831,0
2022-10-19,ambaji,2,10,0,0,,cloudy,34.4,6207,0
2022-10-19,pavagadh,2,10,0,0,,cloudy,34.4,4843,0
2022-10-20,somnath,3,10,0,0,,cloudy,35.0,7440,0
2022-10-20,dwarka,3,10,0,0,,cloudy,35.0,7370,0
2022-10-20,ambaji,3,10,0,0,,cloudy,35.0,7061,0
2022-10-20,pavagadh,3,10,0,0,,cloudy,35.0,4628,0
2022-10-21,somnath,4,10,0,0,,cloudy,33.8,8776,0
2022-10-21,dwarka,4,10,0,0,,cloudy,33.8,7040,0
2022-10-21,ambaji,4,10,0,0,,cloudy,33.8,7003,0
2022-10-21,pavagadh,4,10,0,0,,cloudy,33.8,5668,0
2022-10-22,somnath,5,10,1,1,Dhanteras,sunny,34.9,41991,1
2022-10-22,dwarka,5,10,1,1,Dhanteras,sunny,34.9,48852,1
2022-10-22,ambaji,5,10,1,1,Dhanteras,sunny,34.9,37938,1
2022-10-22,pavagadh,5,10,1,1,Dhanteras,sunny,34.9,29439,1
2022-10-23,somnath,6,10,1,1,Narak Chaturdashi,sunny,27.6,45370,1
2022-10-23,dwarka,6,10,1,1,Narak Chaturdashi,sunny,27.6,39012,1
2022-10-23,ambaji,6,10,1,1,Narak Chaturdashi,sunny,27.6,43283,1
2022-10-23,pavagadh,6,10,1,1,Narak Chaturdashi,sunny,27.6,39696,1
2022-10-24,somnath,0,10,0,1,Diwali,cloudy,30.2,28026,1
2022-10-24,dwarka,0,10,0,1,Diwali,cloudy,30.2,24416,1
2022-10-24,ambaji,0,10,0,1,Diwali,cloudy,30.2,22958,1
2022-10-24,pavagadh,0,10,0,1,Diwali,cloudy,30.2,19767,1
2022-10-25,somnath,1,10,0,1,Govardhan Puja,cloudy,34.5,26365,1
2022-10-25,dwarka,1,10,0,1,Govardhan Puja,cloudy,34.5,25289,1
2022-10-25,ambaji,1,10,0,1,Govardhan Puja,cloudy,34.5,22927,1
2022-10-25,pavagadh,1,10,0,1,Govardhan Puja,cloudy,34.5,16771,1
2022-10-26,somnath,2,10,0,1,Bhai Dooj,sunny,30.0,30581,1
2022-10-26,dwarka,2,10,0,1,Bhai Dooj,sunny,30.0,20469,1
2022-10-26,ambaji,2,10,0,1,Bhai Dooj,sunny,30.0,22817,1
2022-10-26,pavagadh,2,10,0,1,Bhai Dooj,sunny,30.0,17696,1
2022-10-27,somnath,3,10,0,0,,sunny,26.5,7988,0
2022-10-27,dwarka,3,10,0,0,,sunny,26.5,6284,0
2022-10-27,ambaji,3,10,0,0,,sunny,26.5,5510,0
2022-10-27,pavagadh,3,10,0,0,,sunny,26.5,5239,0
2022-10-28,somnath,4,10,0,0,,sunny,30.4,7784,0
2022-10-28,dwarka,4,10,0,0,,sunny,30.4,6684,0
2022-10-28,ambaji,4,10,0,0,,sunny,30.4,6012,0
2022-10-28,pavagadh,4,10,0,0,,sunny,30.4,5629,0
2022-10-29,somnath,5,10,1,0,,cloudy,25.8,12809,0
2022-10-29,dwarka,5,10,1,0,,cloudy,25.8,13084,0
2022-10-29,ambaji,5,10,1,0,,cloudy,25.8,11721,0
2022-10-29,pavagadh,5,10,1,0,,cloudy,25.8,9410,0
2022-10-30,somnath,6,10,1,0,,sunny,30.5,12992,0
2022-10-30,dwarka,6,10,1,0,,sunny,30.5,12558,0
2022-10-30,ambaji,6,10,1,0,,sunny,30.5,11225,0
2022-10-30,pavagadh,6,10,1,0,,sunny,30.5,9487,0
2022-10-31,somnath,0,10,0,0,,sunny,26.2,8220,0
2022-10-31,dwarka,0,10,0,0,,sunny,26.2,7667,0
2022-10-31,ambaji,0,10,0,0,,sunny,26.2,6452,0
2022-10-31,pavagadh,0,10,0,0,,sunny,26.2,5242,0
2022-11-01,somnath,1,11,0,0,,cloudy,19.3,7339,0
2022-11-01,dwarka,1,11,0,0,,cloudy,19.3,6952,0
2022-11-01,ambaji,1,11,0,0,,cloudy,19.3,6469,0
2022-11-01,pavagadh,1,11,0,0,,cloudy,19.3,5148,0
2022-11-02,somnath,2,11,0,0,,cloudy,23.6,7123,0
2022-11-02,dwarka,2,11,0,0,,cloudy,23.6,7588,0
2022-11-02,ambaji,2,11,0,0,,cloudy,23.6,5984,0
2022-11-02,pavagadh,2,11,0,0,,cloudy,23.6,4507,0
2022-11-03,somnath,3,11,0,0,,sunny,17.5,9771,0
2022-11-03,dwarka,3,11,0,0,,sunny,17.5,7656,0
2022-11-03,ambaji,3,11,0,0,,sunny,17.5,6156,0
2022-11-03,pavagadh,3,11,0,0,,sunny,17.5,4943,0
2022-11-04,somnath,4,11,0,0,,cloudy,12.5,7137,0
2022-11-04,dwarka,4,11,0,0,,cloudy,12.5,7487,0
2022-11-04,ambaji,4,11,0,0,,cloudy,12.5,6124,0
2022-11-04,pavagadh,4,11,0,0,,cloudy,12.5,3967,0
2022-11-05,somnath,5,11,1,0,,sunny,18.7,15459,1
2022-11-05,dwarka,5,11,1,0,,sunny,18.7,12558,0
2022-11-05,ambaji,5,11,1,0,,sunny,18.7,12005,0
2022-11-05,pavagadh,5,11,1,0,,sunny,18.7,7926,0
2022-11-06,somnath,6,11,1,0,,sunny,22.9,13692,0
2022-11-06,dwarka,6,11,1,0,,sunny,22.9,11600,0
2022-11-06,ambaji,6,11,1,0,,sunny,22.9,10373,0
2022-11-06,pavagadh,6,11,1,0,,sunny,22.9,8487,0
2022-11-07,somnath,0,11,0,0,,sunny,20.6,7048,0
2022-11-07,dwarka,0,11,0,0,,sunny,20.6,6847,0
2022-11-07,ambaji,0,11,0,0,,sunny,20.6,6006,0
2022-11-07,pavagadh,0,11,0,0,,sunny,20.6,5031,0
2022-11-08,somnath,1,11,0,0,,sunny,16.8,7652,0
2022-11-08,dwarka,1,11,0,0,,sunny,16.8,6416,0
2022-11-08,ambaji,1,11,0,0,,sunny,16.8,5179,0
2022-11-08,pavagadh,1,11,0,0,,sunny,16.8,4861,0
2022-11-09,somnath,2,11,0,0,,sunny,17.5,7773,0
2022-11-09,dwarka,2,11,0,0,,sunny,17.5,8220,0
2022-11-09,ambaji,2,11,0,0,,sunny,17.5,5966,0
2022-11-09,pavagadh,2,11,0,0,,sunny,17.5,4819,0
2022-11-10,somnath,3,11,0,0,,cloudy,18.7,8125,0
2022-11-10,dwarka,3,11,0,0,,cloudy,18.7,5916,0
2022-11-10,ambaji,3,11,0,0,,cloudy,18.7,6304,0
2022-11-10,pavagadh,3,11,0,0,,cloudy,18.7,5025,0
2022-11-11,somnath,4,11,0,0,,sunny,12.5,7236,0
2022-11-11,dwarka,4,11,0,0,,sunny,12.5,6528,0
2022-11-11,ambaji,4,11,0,0,,sunny,12.5,6705,0
2022-11-11,pavagadh,4,11,0,0,,sunny,12.5,5185,0
2022-11-12,somnath,5,11,1,0,,sunny,15.7,14840,0
2022-11-12,dwarka,5,11,1,0,,sunny,15.7,14447,0
2022-11-12,ambaji,5,11,1,0,,sunny,15.7,11699,0
2022-11-12,pavagadh,5,11,1,0,,sunny,15.7,9278,0
2022-11-13,somnath,6,11,1,0,,sunny,25.1,14290,0
2022-11-13,dwarka,6,11,1,0,,sunny,25.1,11777,0
2022-11-13,ambaji,6,11,1,0,,sunny,25.1,9812,0
2022-11-13,pavagadh,6,11,1,0,,sunny,25.1,8418,0
2022-11-14,somnath,0,11,0,0,,sunny,16.8,8548,0
2022-11-14,dwarka,0,11,0,0,,sunny,16.8,7604,0
2022-11-14,ambaji,0,11,0,0,,sunny,16.8,6069,0
2022-11-14,pavagadh,0,11,0,0,,sunny,16.8,5312,0
2022-11-15,somnath,1,11,0,0,,sunny,27.2,8962,0
2022-11-15,dwarka,1,11,0,0,,sunny,27.2,6207,0
2022-11-15,ambaji,1,11,0,0,,sunny,27.2,5666,0
2022-11-15,pavagadh,1,11,0,0,,sunny,27.2,4718,0
2022-11-16,somnath,2,11,0,0,,sunny,27.6,8835,0
2022-11-16,dwarka,2,11,0,0,,sunny,27.6,6719,0
2022-11-16,ambaji,2,11,0,0,,sunny,27.6,6088,0
2022-11-16,pavagadh,2,11,0,0,,sunny,27.6,4680,0
2022-11-17,somnath,3,11,0,0,,sunny,14.4,7283,0
2022-11-17,dwarka,3,11,0,0,,sunny,14.4,7616,0
2022-11-17,ambaji,3,11,0,0,,sunny,14.4,5137,0
2022-11-17,pavagadh,3,11,0,0,,sunny,14.4,5121,0
2022-11-18,somnath,4,11,0,0,,sunny,23.3,8457,0
2022-11-18,dwarka,4,11,0,0,,sunny,23.3,5906,0
2022-11-18,ambaji,4,11,0,0,,sunny,23.3,4910,0
2022-11-18,pavagadh,4,11,0,0,,sunny,23.3,4624,0
2022-11-19,somnath,5,11,1,0,,sunny,14.1,14433,0
2022-11-19,dwarka,5,11,1,0,,sunny,14.1,13237,0
2022-11-19,ambaji,5,11,1,0,,sunny,14.1,9694,0
2022-11-19,pavagadh,5,11,1,0,,sunny,14.1,7785,0
2022-11-20,somnath,6,11,1,0,,cloudy,13.5,14288,0
2022-11-20,dwarka,6,11,1,0,,cloudy,13.5,11993,0
2022-11-20,ambaji,6,11,1,0,,cloudy,13.5,10660,0
2022-11-20,pavagadh,6,11,1,0,,cloudy,13.5,10003,0
2022-11-21,somnath,0,11,0,0,,sunny,26.0,8385,0
2022-11-21,dwarka,0,11,0,0,,sunny,26.0,7823,0
2022-11-21,ambaji,0,11,0,0,,sunny,26.0,5907,0
2022-11-21,pavagadh,0,11,0,0,,sunny,26.0,4526,0
2022-11-22,somnath,1,11,0,0,,sunny,25.9,7250,0
2022-11-22,dwarka,1,11,0,0,,sunny,25.9,8142,0
2022-11-22,ambaji,1,11,0,0,,sunny,25.9,7054,0
2022-11-22,pavagadh,1,11,0,0,,sunny,25.9,5085,0
2022-11-23,somnath,2,11,0,0,,cloudy,13.9,8685,0
2022-11-23,dwarka,2,11,0,0,,cloudy,13.9,6998,0
2022-11-23,ambaji,2,11,0,0,,cloudy,13.9,6029,0
2022-11-23,pavagadh,2,11,0,0,,cloudy,13.9,5510,0
2022-11-24,somnath,3,11,0,0,,sunny,26.6,7018,0
2022-11-24,dwarka,3,11,0,0,,sunny,26.6,6708,0
2022-11-24,ambaji,3,11,0,0,,sunny,26.6,5593,0
2022-11-24,pavagadh,3,11,0,0,,sunny,26.6,5316,0
2022-11-25,somnath,4,11,0,0,,sunny,16.2,7299,0
2022-11-25,dwarka,4,11,0,0,,sunny,16.2,6950,0
2022-11-25,ambaji,4,11,0,0,,sunny,16.2,7034,0
2022-11-25,pavagadh,4,11,0,0,,sunny,16.2,5614,0
2022-11-26,somnath,5,11,1,0,,sunny,25.4,15292,1
2022-11-26,dwarka,5,11,1,0,,sunny,25.4,12134,0
2022-11-26,ambaji,5,11,1,0,,sunny,25.4,9907,0
2022-11-26,pavagadh,5,11,1,0,,sunny,25.4,9447,0
2022-11-27,somnath,6,11,1,0,,sunny,14.3,14229,0
2022-11-27,dwarka,6,11,1,0,,sunny,14.3,14803,0
2022-11-27,ambaji,6,11,1,0,,sunny,14.3,10060,0
2022-11-27,pavagadh,6,11,1,0,,sunny,14.3,8665,0
2022-11-28,somnath,0,11,0,0,,sunny,17.3,7173,0
2022-11-28,dwarka,0,11,0,0,,sunny,17.3,7681,0
2022-11-28,ambaji,0,11,0,0,,sunny,17.3,5344,0
2022-11-28,pavagadh,0,11,0,0,,sunny,17.3,5002,0
2022-11-29,somnath,1,11,0,0,,sunny,16.1,8680,0
2022-11-29,dwarka,1,11,0,0,,sunny,16.1,5768,0
2022-11-29,ambaji,1,11,0,0,,sunny,16.1,5671,0
2022-11-29,pavagadh,1,11,0,0,,sunny,16.1,4661,0
2022-11-30,somnath,2,11,0,0,,sunny,24.7,8465,0
2022-11-30,dwarka,2,11,0,0,,sunny,24.7,7733,0
2022-11-30,ambaji,2,11,0,0,,sunny,24.7,4999,0
2022-11-30,pavagadh,2,11,0,0,,sunny,24.7,5061,0
2022-12-01,somnath,3,12,0,0,,sunny,22.3,8147,0
2022-12-01,dwarka,3,12,0,0,,sunny,22.3,7050,0
2022-12-01,ambaji,3,12,0,0,,sunny,22.3,6619,0
2022-12-01,pavagadh,3,12,0,0,,sunny,22.3,4258,0
2022-12-02,somnath,4,12,0,0,,sunny,24.2,7017,0
2022-12-02,dwarka,4,12,0,0,,sunny,24.2,7528,0
2022-12-02,ambaji,4,12,0,0,,sunny,24.2,6082,0
2022-12-02,pavagadh,4,12,0,0,,sunny,24.2,5584,0
2022-12-03,somnath,5,12,1,0,,sunny,20.1,13353,0
2022-12-03,dwarka,5,12,1,0,,sunny,20.1,13537,0
2022-12-03,ambaji,5,12,1,0,,sunny,20.1,10240,0
2022-12-03,pavagadh,5,12,1,0,,sunny,20.1,8190,0
2022-12-04,somnath,6,12,1,0,,sunny,19.8,15767,1
2022-12-04,dwarka,6,12,1,0,,sunny,19.8,12650,0
2022-12-04,ambaji,6,12,1,0,,sunny,19.8,11792,0
2022-12-04,pavagadh,6,12,1,0,,sunny,19.8,9062,0
2022-12-05,somnath,0,12,0,0,,sunny,27.6,9093,0
2022-12-05,dwarka,0,12,0,0,,sunny,27.6,7103,0
2022-12-05,ambaji,0,12,0,0,,sunny,27.6,5626,0
2022-12-05,pavagadh,0,12,0,0,,sunny,27.6,4397,0
2022-12-06,somnath,1,12,0,0,,cloudy,13.7,8280,0
2022-12-06,dwarka,1,12,0,0,,cloudy,13.7,7170,0
2022-12-06,ambaji,1,12,0,0,,cloudy,13.7,6196,0
2022-12-06,pavagadh,1,12,0,0,,cloudy,13.7,5428,0
2022-12-07,somnath,2,12,0,0,,cloudy,16.3,7538,0
2022-12-07,dwarka,2,12,0,0,,cloudy,16.3,7306,0
2022-12-07,ambaji,2,12,0,0,,cloudy,16.3,5518,0
2022-12-07,pavagadh,2,12,0,0,,cloudy,16.3,5269,0
2022-12-08,somnath,3,12,0,0,,cloudy,15.6,7531,0
2022-12-08,dwarka,3,12,0,0,,cloudy,15.6,6067,0
2022-12-08,ambaji,3,12,0,0,,cloudy,15.6,5494,0
2022-12-08,pavagadh,3,12,0,0,,cloudy,15.6,4390,0
2022-12-09,somnath,4,12,0,0,,cloudy,13.5,7448,0
2022-12-09,dwarka,4,12,0,0,,cloudy,13.5,7458,0
2022-12-09,ambaji,4,12,0,0,,cloudy,13.5,6058,0
2022-12-09,pavagadh,4,12,0,0,,cloudy,13.5,5018,0
2022-12-10,somnath,5,12,1,0,,sunny,20.0,12669,0
2022-12-10,dwarka,5,12,1,0,,sunny,20.0,13268,0
2022-12-10,ambaji,5,12,1,0,,sunny,20.0,9335,0
2022-12-10,pavagadh,5,12,1,0,,sunny,20.0,8464,0
2022-12-11,somnath,6,12,1,0,,sunny,20.5,15118,1
2022-12-11,dwarka,6,12,1,0,,sunny,20.5,12772,0
2022-12-11,ambaji,6,12,1,0,,sunny,20.5,11945,0
2022-12-11,pavagadh,6,12,1,0,,sunny,20.5,7960,0
2022-12-12,somnath,0,12,0,0,,sunny,12.7,9221,0
2022-12-12,dwarka,0,12,0,0,,sunny,12.7,7539,0
2022-12-12,ambaji,0,12,0,0,,sunny,12.7,6467,0
2022-12-12,pavagadh,0,12,0,0,,sunny,12.7,4714,0
2022-12-13,somnath,1,12,0,0,,sunny,26.9,7396,0
2022-12-13,dwarka,1,12,0,0,,sunny,26.9,8231,0
2022-12-13,ambaji,1,12,0,0,,sunny,26.9,5358,0
2022-12-13,pavagadh,1,12,0,0,,sunny,26.9,4674,0
2022-12-14,somnath,2,12,0,0,,sunny,18.4,8316,0
2022-12-14,dwarka,2,12,0,0,,sunny,18.4,7145,0
2022-12-14,ambaji,2,12,0,0,,sunny,18.4,6051,0
2022-12-14,pavagadh,2,12,0,0,,sunny,18.4,5710,0
2022-12-15,somnath,3,12,0,0,,sunny,26.3,7505,0
2022-12-15,dwarka,3,12,0,0,,sunny,26.3,7768,0
2022-12-15,ambaji,3,12,0,0,,sunny,26.3,6857,0
2022-12-15,pavagadh,3,12,0,0,,sunny,26.3,5863,0
2022-12-16,somnath,4,12,0,0,,sunny,20.0,8197,0
2022-12-16,dwarka,4,12,0,0,,sunny,20.0,6972,0
2022-12-16,ambaji,4,12,0,0,,sunny,20.0,5207,0
2022-12-16,pavagadh,4,12,0,0,,sunny,20.0,5276,0
2022-12-17,somnath,5,12,1,0,,sunny,24.3,15442,1
2022-12-17,dwarka,5,12,1,0,,sunny,24.3,12334,0
2022-12-17,ambaji,5,12,1,0,,sunny,24.3,10829,0
2022-12-17,pavagadh,5,12,1,0,,sunny,24.3,8836,0
2022-12-18,somnath,6,12,1,0,,sunny,27.9,13389,0
2022-12-18,dwarka,6,12,1,0,,sunny,27.9,12652,0
2022-12-18,ambaji,6,12,1,0,,sunny,27.9,11603,0
2022-12-18,pavagadh,6,12,1,0,,sunny,27.9,8741,0
2022-12-19,somnath,0,12,0,0,,sunny,22.6,8715,0
2022-12-19,dwarka,0,12,0,0,,sunny,22.6,7374,0
2022-12-19,ambaji,0,12,0,0,,sunny,22.6,6211,0
2022-12-19,pavagadh,0,12,0,0,,sunny,22.6,4434,0
2022-12-20,somnath,1,12,0,0,,sunny,14.5,7797,0
2022-12-20,dwarka,1,12,0,0,,sunny,14.5,6277,0
2022-12-20,ambaji,1,12,0,0,,sunny,14.5,5974,0
2022-12-20,pavagadh,1,12,0,0,,sunny,14.5,4673,0
2022-12-21,somnath,2,12,0,0,,sunny,12.1,7797,0
2022-12-21,dwarka,2,12,0,0,,sunny,12.1,7463,0
2022-12-21,ambaji,2,12,0,0,,sunny,12.1,5970,0
2022-12-21,pavagadh,2,12,0,0,,sunny,12.1,5198,0
2022-12-22,somnath,3,12,0,0,,sunny,19.2,7422,0
2022-12-22,dwarka,3,12,0,0,,sunny,19.2,6819,0
2022-12-22,ambaji,3,12,0,0,,sunny,19.2,6415,0
2022-12-22,pavagadh,3,12,0,0,,sunny,19.2,5058,0
2022-12-23,somnath,4,12,0,0,,sunny,21.6,7733,0
2022-12-23,dwarka,4,12,0,0,,sunny,21.6,7462,0
2022-12-23,ambaji,4,12,0,0,,sunny,21.6,5884,0
2022-12-23,pavagadh,4,12,0,0,,sunny,21.6,5359,0
2022-12-24,somnath,5,12,1,0,,sunny,26.4,16873,1
2022-12-24,dwarka,5,12,1,0,,sunny,26.4,11134,0
2022-12-24,ambaji,5,12,1,0,,sunny,26.4,10356,0
2022-12-24,pavagadh,5,12,1,0,,sunny,26.4,8820,0
2022-12-25,somnath,6,12,1,0,,sunny,14.2,14002,0
2022-12-25,dwarka,6,12,1,0,,sunny,14.2,13645,0
2022-12-25,ambaji,6,12,1,0,,sunny,14.2,11598,0
2022-12-25,pavagadh,6,12,1,0,,sunny,14.2,9279,0
2022-12-26,somnath,0,12,0,0,,sunny,19.7,8405,0
2022-12-26,dwarka,0,12,0,0,,sunny,19.7,7186,0
2022-12-26,ambaji,0,12,0,0,,sunny,19.7,6014,0
2022-12-26,pavagadh,0,12,0,0,,sunny,19.7,5525,0
2022-12-27,somnath,1,12,0,0,,sunny,15.1,8400,0
2022-12-27,dwarka,1,12,0,0,,sunny,15.1,7279,0
2022-12-27,ambaji,1,12,0,0,,sunny,15.1,6384,0
2022-12-27,pavagadh,1,12,0,0,,sunny,15.1,4893,0
2022-12-28,somnath,2,12,0,0,,sunny,24.9,7740,0
2022-12-28,dwarka,2,12,0,0,,sunny,24.9,7416,0
2022-12-28,ambaji,2,12,0,0,,sunny,24.9,6357,0
2022-12-28,pavagadh,2,12,0,0,,sunny,24.9,4319,0
2022-12-29,somnath,3,12,0,0,,cloudy,14.2,7375,0
2022-12-29,dwarka,3,12,0,0,,cloudy,14.2,8150,0
2022-12-29,ambaji,3,12,0,0,,cloudy,14.2,6119,0
2022-12-29,pavagadh,3,12,0,0,,cloudy,14.2,5310,0
2022-12-30,somnath,4,12,0,0,,cloudy,27.5,7762,0
2022-12-30,dwarka,4,12,0,0,,cloudy,27.5,7782,0
2022-12-30,ambaji,4,12,0,0,,cloudy,27.5,5412,0
2022-12-30,pavagadh,4,12,0,0,,cloudy,27.5,5028,0
2022-12-31,somnath,5,12,1,0,,sunny,18.0,14838,0
2022-12-31,dwarka,5,12,1,0,,sunny,18.0,11737,0
2022-12-31,ambaji,5,12,1,0,,sunny,18.0,11588,0
2022-12-31,pavagadh,5,12,1,0,,sunny,18.0,9570,0
2023-01-01,somnath,6,1,1,0,,sunny,20.7,17982,1
2023-01-01,dwarka,6,1,1,0,,sunny,20.7,14968,0
2023-01-01,ambaji,6,1,1,0,,sunny,20.7,15161,1
2023-01-01,pavagadh,6,1,1,0,,sunny,20.7,11416,0
2023-01-02,somnath,0,1,0,0,,sunny,19.0,10092,0
2023-01-02,dwarka,0,1,0,0,,sunny,19.0,10113,0
2023-01-02,ambaji,0,1,0,0,,sunny,19.0,8238,0
2023-01-02,pavagadh,0,1,0,0,,sunny,19.0,5712,0
2023-01-03,somnath,1,1,0,0,,sunny,20.0,10011,0
2023-01-03,dwarka,1,1,0,0,,sunny,20.0,8722,0
2023-01-03,ambaji,1,1,0,0,,sunny,20.0,7297,0
2023-01-03,pavagadh,1,1,0,0,,sunny,20.0,5851,0
2023-01-04,somnath,2,1,0,0,,cloudy,13.2,11289,0
2023-01-04,dwarka,2,1,0,0,,cloudy,13.2,9054,0
2023-01-04,ambaji,2,1,0,0,,cloudy,13.2,7235,0
2023-01-04,pavagadh,2,1,0,0,,cloudy,13.2,6838,0
2023-01-05,somnath,3,1,0,0,,cloudy,23.1,9072,0
2023-01-05,dwarka,3,1,0,0,,cloudy,23.1,8773,0
2023-01-05,ambaji,3,1,0,0,,cloudy,23.1,7010,0
2023-01-05,pavagadh,3,1,0,0,,cloudy,23.1,7300,0
2023-01-06,somnath,4,1,0,0,,sunny,22.2,11549,0
2023-01-06,dwarka,4,1,0,0,,sunny,22.2,9695,0
2023-01-06,ambaji,4,1,0,0,,sunny,22.2,7500,0
2023-01-06,pavagadh,4,1,0,0,,sunny,22.2,6118,0
2023-01-07,somnath,5,1,1,0,,sunny,12.7,20821,1
2023-01-07,dwarka,5,1,1,0,,sunny,12.7,16190,1
2023-01-07,ambaji,5,1,1,0,,sunny,12.7,12618,0
2023-01-07,pavagadh,5,1,1,0,,sunny,12.7,12565,0
2023-01-08,somnath,6,1,1,0,,cloudy,18.9,19804,1
2023-01-08,dwarka,6,1,1,0,,cloudy,18.9,16443,1
2023-01-08,ambaji,6,1,1,0,,cloudy,18.9,12769,0
2023-01-08,pavagadh,6,1,1,0,,cloudy,18.9,11629,0
2023-01-09,somnath,0,1,0,0,,sunny,21.2,9668,0
2023-01-09,dwarka,0,1,0,0,,sunny,21.2,9327,0
2023-01-09,ambaji,0,1,0,0,,sunny,21.2,7909,0
2023-01-09,pavagadh,0,1,0,0,,sunny,21.2,5857,0
2023-01-10,somnath,1,1,0,0,,sunny,17.5,10762,0
2023-01-10,dwarka,1,1,0,0,,sunny,17.5,9149,0
2023-01-10,ambaji,1,1,0,0,,sunny,17.5,6509,0
2023-01-10,pavagadh,1,1,0,0,,sunny,17.5,7127,0
2023-01-11,somnath,2,1,0,0,,sunny,27.1,10824,0
2023-01-11,dwarka,2,1,0,0,,sunny,27.1,9559,0
2023-01-11,ambaji,2,1,0,0,,sunny,27.1,7417,0
2023-01-11,pavagadh,2,1,0,0,,sunny,27.1,6592,0
2023-01-12,somnath,3,1,0,0,,sunny,19.6,9285,0
2023-01-12,dwarka,3,1,0,0,,sunny,19.6,9499,0
2023-01-12,ambaji,3,1,0,0,,sunny,19.6,7593,0
2023-01-12,pavagadh,3,1,0,0,,sunny,19.6,6874,0
2023-01-13,somnath,4,1,0,0,,cloudy,13.8,11058,0
2023-01-13,dwarka,4,1,0,0,,cloudy,13.8,8299,0
2023-01-13,ambaji,4,1,0,0,,cloudy,13.8,7645,0
2023-01-13,pavagadh,4,1,0,0,,cloudy,13.8,6238,0
2023-01-14,somnath,5,1,1,1,Uttarayan,cloudy,15.9,62481,1
2023-01-14,dwarka,5,1,1,1,Uttarayan,cloudy,15.9,70103,1
2023-01-14,ambaji,5,1,1,1,Uttarayan,cloudy,15.9,43577,1
2023-01-14,pavagadh,5,1,1,1,Uttarayan,cloudy,15.9,43740,1
2023-01-15,somnath,6,1,1,1,Uttarayan,sunny,12.5,69865,1
2023-01-15,dwarka,6,1,1,1,Uttarayan,sunny,12.5,60783,1
2023-01-15,ambaji,6,1,1,1,Uttarayan,sunny,12.5,53802,1
2023-01-15,pavagadh,6,1,1,1,Uttarayan,sunny,12.5,49932,1
2023-01-16,somnath,0,1,0,0,,sunny,13.6,10748,0
2023-01-16,dwarka,0,1,0,0,,sunny,13.6,8784,0
2023-01-16,ambaji,0,1,0,0,,sunny,13.6,7503,0
2023-01-16,pavagadh,0,1,0,0,,sunny,13.6,6979,0
2023-01-17,somnath,1,1,0,0,,sunny,25.8,9303,0
2023-01-17,dwarka,1,1,0,0,,sunny,25.8,8931,0
2023-01-17,ambaji,1,1,0,0,,sunny,25.8,7140,0
2023-01-17,pavagadh,1,1,0,0,,sunny,25.8,6116,0
2023-01-18,somnath,2,1,0,0,,sunny,17.6,11011,0
2023-01-18,dwarka,2,1,0,0,,sunny,17.6,8319,0
2023-01-18,ambaji,2,1,0,0,,sunny,17.6,8157,0
2023-01-18,pavagadh,2,1,0,0,,sunny,17.6,5798,0
2023-01-19,somnath,3,1,0,0,,sunny,21.8,10760,0
2023-01-19,dwarka,3,1,0,0,,sunny,21.8,9286,0
2023-01-19,ambaji,3,1,0,0,,sunny,21.8,8169,0
2023-01-19,pavagadh,3,1,0,0,,sunny,21.8,6781,0
2023-01-20,somnath,4,1,0,0,,sunny,23.1,9590,0
2023-01-20,dwarka,4,1,0,0,,sunny,23.1,9052,0
2023-01-20,ambaji,4,1,0,0,,sunny,23.1,8173,0
2023-01-20,pavagadh,4,1,0,0,,sunny,23.1,6865,0
2023-01-21,somnath,5,1,1,0,,sunny,22.2,18017,1
2023-01-21,dwarka,5,1,1,0,,sunny,22.2,14722,0
2023-01-21,ambaji,5,1,1,0,,sunny,22.2,15380,1
2023-01-21,pavagadh,5,1,1,0,,sunny,22.2,11699,0
2023-01-22,somnath,6,1,1,0,,sunny,14.2,18113,1
2023-01-22,dwarka,6,1,1,0,,sunny,14.2,17616,1
2023-01-22,ambaji,6,1,1,0,,sunny,14.2,14977,0
2023-01-22,pavagadh,6,1,1,0,,sunny,14.2,11974,0
2023-01-23,somnath,0,1,0,0,,sunny,14.2,11201,0
2023-01-23,dwarka,0,1,0,0,,sunny,14.2,7487,0
2023-01-23,ambaji,0,1,0,0,,sunny,14.2,7117,0
2023-01-23,pavagadh,0,1,0,0,,sunny,14.2,6481,0
2023-01-24,somnath,1,1,0,0,,sunny,18.7,10884,0
2023-01-24,dwarka,1,1,0,0,,sunny,18.7,8432,0
2023-01-24,ambaji,1,1,0,0,,sunny,18.7,7927,0
2023-01-24,pavagadh,1,1,0,0,,sunny,18.7,6561,0
2023-01-25,somnath,2,1,0,0,,cloudy,16.7,10249,0
2023-01-25,dwarka,2,1,0,0,,cloudy,16.7,9937,0
2023-01-25,ambaji,2,1,0,0,,cloudy,16.7,8118,0
2023-01-25,pavagadh,2,1,0,0,,cloudy,16.7,6969,0
2023-01-26,somnath,3,1,0,0,,sunny,24.3,10036,0
2023-01-26,dwarka,3,1,0,0,,sunny,24.3,8997,0
2023-01-26,ambaji,3,1,0,0,,sunny,24.3,8561,0
2023-01-26,pavagadh,3,1,0,0,,sunny,24.3,7054,0
2023-01-27,somnath,4,1,0,0,,cloudy,17.9,10500,0
2023-01-27,dwarka,4,1,0,0,,cloudy,17.9,8921,0
2023-01-27,ambaji,4,1,0,0,,cloudy,17.9,7658,0
2023-01-27,pavagadh,4,1,0,0,,cloudy,17.9,5899,0
2023-01-28,somnath,5,1,1,0,,cloudy,13.6,19849,1
2023-01-28,dwarka,5,1,1,0,,cloudy,13.6,14584,0
2023-01-28,ambaji,5,1,1,0,,cloudy,13.6,12853,0
2023-01-28,pavagadh,5,1,1,0,,cloudy,13.6,14900,0
2023-01-29,somnath,6,1,1,0,,sunny,17.6,19335,1
2023-01-29,dwarka,6,1,1,0,,sunny,17.6,15173,1
2023-01-29,ambaji,6,1,1,0,,sunny,17.6,15859,1
2023-01-29,pavagadh,6,1,1,0,,sunny,17.6,11642,0
2023-01-30,somnath,0,1,0,0,,sunny,25.0,9783,0
2023-01-30,dwarka,0,1,0,0,,sunny,25.0,8767,0
2023-01-30,ambaji,0,1,0,0,,sunny,25.0,7598,0
2023-01-30,pavagadh,0,1,0,0,,sunny,25.0,5831,0
2023-01-31,somnath,1,1,0,0,,sunny,14.2,10543,0
2023-01-31,dwarka,1,1,0,0,,sunny,14.2,9548,0
2023-01-31,ambaji,1,1,0,0,,sunny,14.2,8306,0
2023-01-31,pavagadh,1,1,0,0,,sunny,14.2,6665,0
2023-02-01,somnath,2,2,0,0,,sunny,20.6,7582,0
2023-02-01,dwarka,2,2,0,0,,sunny,20.6,7733,0
2023-02-01,ambaji,2,2,0,0,,sunny,20.6,5913,0
2023-02-01,pavagadh,2,2,0,0,,sunny,20.6,5287,0
2023-02-02,somnath,3,2,0,0,,cloudy,27.8,7885,0
2023-02-02,dwarka,3,2,0,0,,cloudy,27.8,6788,0
2023-02-02,ambaji,3,2,0,0,,cloudy,27.8,6768,0
2023-02-02,pavagadh,3,2,0,0,,cloudy,27.8,4847,0
2023-02-03,somnath,4,2,0,0,,cloudy,27.9,8210,0
2023-02-03,dwarka,4,2,0,0,,cloudy,27.9,6797,0
2023-02-03,ambaji,4,2,0,0,,cloudy,27.9,6227,0
2023-02-03,pavagadh,4,2,0,0,,cloudy,27.9,4788,0
2023-02-04,somnath,5,2,1,0,,sunny,25.3,14517,0
2023-02-04,dwarka,5,2,1,0,,sunny,25.3,11184,0
2023-02-04,ambaji,5,2,1,0,,sunny,25.3,9739,0
2023-02-04,pavagadh,5,2,1,0,,sunny,25.3,9059,0
2023-02-05,somnath,6,2,1,0,,sunny,18.6,12939,0
2023-02-05,dwarka,6,2,1,0,,sunny,18.6,12998,0
2023-02-05,ambaji,6,2,1,0,,sunny,18.6,11061,0
2023-02-05,pavagadh,6,2,1,0,,sunny,18.6,8796,0
2023-02-06,somnath,0,2,0,0,,sunny,16.5,8530,0
2023-02-06,dwarka,0,2,0,0,,sunny,16.5,6804,0
2023-02-06,ambaji,0,2,0,0,,sunny,16.5,6381,0
2023-02-06,pavagadh,0,2,0,0,,sunny,16.5,4897,0
2023-02-07,somnath,1,2,0,0,,sunny,24.4,7895,0
2023-02-07,dwarka,1,2,0,0,,sunny,24.4,6154,0
2023-02-07,ambaji,1,2,0,0,,sunny,24.4,5358,0
2023-02-07,pavagadh,1,2,0,0,,sunny,24.4,5143,0
2023-02-08,somnath,2,2,0,0,,sunny,13.0,7589,0
2023-02-08,dwarka,2,2,0,0,,sunny,13.0,6921,0
2023-02-08,ambaji,2,2,0,0,,sunny,13.0,5719,0
2023-02-08,pavagadh,2,2,0,0,,sunny,13.0,5111,0
2023-02-09,somnath,3,2,0,0,,sunny,25.3,7587,0
2023-02-09,dwarka,3,2,0,0,,sunny,25.3,7587,0
2023-02-09,ambaji,3,2,0,0,,sunny,25.3,5525,0
2023-02-09,pavagadh,3,2,0,0,,sunny,25.3,4826,0
2023-02-10,somnath,4,2,0,0,,sunny,22.9,8262,0
2023-02-10,dwarka,4,2,0,0,,sunny,22.9,7072,0
2023-02-10,ambaji,4,2,0,0,,sunny,22.9,6106,0
2023-02-10,pavagadh,4,2,0,0,,sunny,22.9,4593,0
2023-02-11,somnath,5,2,1,0,,sunny,25.7,14363,0
2023-02-11,dwarka,5,2,1,0,,sunny,25.7,12613,0
2023-02-11,ambaji,5,2,1,0,,sunny,25.7,11326,0
2023-02-11,pavagadh,5,2,1,0,,sunny,25.7,8882,0
2023-02-12,somnath,6,2,1,0,,sunny,14.1,14026,0
2023-02-12,dwarka,6,2,1,0,,sunny,14.1,12150,0
2023-02-12,ambaji,6,2,1,0,,sunny,14.1,11391,0
2023-02-12,pavagadh,6,2,1,0,,sunny,14.1,8778,0
2023-02-13,somnath,0,2,0,0,,sunny,16.0,7100,0
2023-02-13,dwarka,0,2,0,0,,sunny,16.0,7819,0
2023-02-13,ambaji,0,2,0,0,,sunny,16.0,6229,0
2023-02-13,pavagadh,0,2,0,0,,sunny,16.0,5325,0
2023-02-14,somnath,1,2,0,0,,sunny,23.2,8087,0
2023-02-14,dwarka,1,2,0,0,,sunny,23.2,7763,0
2023-02-14,ambaji,1,2,0,0,,sunny,23.2,5994,0
2023-02-14,pavagadh,1,2,0,0,,sunny,23.2,4983,0
2023-02-15,somnath,2,2,0,0,,sunny,14.1,8135,0
2023-02-15,dwarka,2,2,0,0,,sunny,14.1,7784,0
2023-02-15,ambaji,2,2,0,0,,sunny,14.1,6693,0
2023-02-15,pavagadh,2,2,0,0,,sunny,14.1,5034,0
2023-02-16,somnath,3,2,0,0,,cloudy,27.8,7718,0
2023-02-16,dwarka,3,2,0,0,,cloudy,27.8,7131,0
2023-02-16,ambaji,3,2,0,0,,cloudy,27.8,6399,0
2023-02-16,pavagadh,3,2,0,0,,cloudy,27.8,5159,0
2023-02-17,somnath,4,2,0,0,,sunny,13.6,7520,0
2023-02-17,dwarka,4,2,0,0,,sunny,13.6,7999,0
2023-02-17,ambaji,4,2,0,0,,sunny,13.6,6505,0
2023-02-17,pavagadh,4,2,0,0,,sunny,13.6,5490,0
2023-02-18,somnath,5,2,1,1,Mahashivratri,cloudy,14.1,83647,1
2023-02-18,dwarka,5,2,1,1,Mahashivratri,cloudy,14.1,40640,1
2023-02-18,ambaji,5,2,1,1,Mahashivratri,cloudy,14.1,35018,1
2023-02-18,pavagadh,5,2,1,1,Mahashivratri,cloudy,14.1,34094,1
2023-02-19,somnath,6,2,1,1,Mahashivratri,sunny,18.6,76207,1
2023-02-19,dwarka,6,2,1,1,Mahashivratri,sunny,18.6,38104,1
2023-02-19,ambaji,6,2,1,1,Mahashivratri,sunny,18.6,37996,1
2023-02-19,pavagadh,6,2,1,1,Mahashivratri,sunny,18.6,34264,1
2023-02-20,somnath,0,2,0,0,,sunny,14.2,7958,0
2023-02-20,dwarka,0,2,0,0,,sunny,14.2,7217,0
2023-02-20,ambaji,0,2,0,0,,sunny,14.2,5425,0
2023-02-20,pavagadh,0,2,0,0,,sunny,14.2,4833,0
2023-02-21,somnath,1,2,0,0,,sunny,24.5,7575,0
2023-02-21,dwarka,1,2,0,0,,sunny,24.5,6052,0
2023-02-21,ambaji,1,2,0,0,,sunny,24.5,5792,0
2023-02-21,pavagadh,1,2,0,0,,sunny,24.5,4733,0
2023-02-22,somnath,2,2,0,0,,sunny,20.2,7993,0
2023-02-22,dwarka,2,2,0,0,,sunny,20.2,6561,0
2023-02-22,ambaji,2,2,0,0,,sunny,20.2,6905,0
2023-02-22,pavagadh,2,2,0,0,,sunny,20.2,5269,0
2023-02-23,somnath,3,2,0,0,,cloudy,19.9,8536,0
2023-02-23,dwarka,3,2,0,0,,cloudy,19.9,7402,0
2023-02-23,ambaji,3,2,0,0,,cloudy,19.9,5542,0
2023-02-23,pavagadh,3,2,0,0,,cloudy,19.9,4744,0
2023-02-24,somnath,4,2,0,0,,cloudy,27.8,8292,0
2023-02-24,dwarka,4,2,0,0,,cloudy,27.8,6887,0
2023-02-24,ambaji,4,2,0,0,,cloudy,27.8,6374,0
2023-02-24,pavagadh,4,2,0,0,,cloudy,27.8,4627,0
2023-02-25,somnath,5,2,1,0,,sunny,22.9,14614,0
2023-02-25,dwarka,5,2,1,0,,sunny,22.9,10259,0
2023-02-25,ambaji,5,2,1,0,,sunny,22.9,10819,0
2023-02-25,pavagadh,5,2,1,0,,sunny,22.9,8877,0
2023-02-26,somnath,6,2,1,0,,sunny,16.2,14770,0
2023-02-26,dwarka,6,2,1,0,,sunny,16.2,12683,0
2023-02-26,ambaji,6,2,1,0,,sunny,16.2,11035,0
2023-02-26,pavagadh,6,2,1,0,,sunny,16.2,8222,0
2023-02-27,somnath,0,2,0,0,,sunny,20.0,7195,0
2023-02-27,dwarka,0,2,0,0,,sunny,20.0,7414,0
2023-02-27,ambaji,0,2,0,0,,sunny,20.0,6485,0
2023-02-27,pavagadh,0,2,0,0,,sunny,20.0,5230,0
2023-02-28,somnath,1,2,0,0,,sunny,16.4,7736,0
2023-02-28,dwarka,1,2,0,0,,sunny,16.4,7584,0
2023-02-28,ambaji,1,2,0,0,,sunny,16.4,6237,0
2023-02-28,pavagadh,1,2,0,0,,sunny,16.4,5652,0
2023-03-01,somnath,2,3,0,0,,sunny,37.1,7244,0
2023-03-01,dwarka,2,3,0,0,,sunny,37.1,6256,0
2023-03-01,ambaji,2,3,0,0,,sunny,37.1,5930,0
2023-03-01,pavagadh,2,3,0,0,,sunny,37.1,4874,0
2023-03-02,somnath,3,3,0,0,,sunny,41.5,8118,0
2023-03-02,dwarka,3,3,0,0,,sunny,41.5,6851,0
2023-03-02,ambaji,3,3,0,0,,sunny,41.5,6412,0
2023-03-02,pavagadh,3,3,0,0,,sunny,41.5,5206,0
2023-03-03,somnath,4,3,0,0,,sunny,39.9,7641,0
2023-03-03,dwarka,4,3,0,0,,sunny,39.9,7805,0
2023-03-03,ambaji,4,3,0,0,,sunny,39.9,5987,0
2023-03-03,pavagadh,4,3,0,0,,sunny,39.9,4811,0
2023-03-04,somnath,5,3,1,0,,sunny,41.1,15776,1
2023-03-04,dwarka,5,3,1,0,,sunny,41.1,14603,0
2023-03-04,ambaji,5,3,1,0,,sunny,41.1,9399,0
2023-03-04,pavagadh,5,3,1,0,,sunny,41.1,8830,0
2023-03-05,somnath,6,3,1,0,,sunny,34.2,15715,1
2023-03-05,dwarka,6,3,1,0,,sunny,34.2,13779,0
2023-03-05,ambaji,6,3,1,0,,sunny,34.2,10601,0
2023-03-05,pavagadh,6,3,1,0,,sunny,34.2,10398,0
2023-03-06,somnath,0,3,0,0,,sunny,32.4,8168,0
2023-03-06,dwarka,0,3,0,0,,sunny,32.4,6608,0
2023-03-06,ambaji,0,3,0,0,,sunny,32.4,6654,0
2023-03-06,pavagadh,0,3,0,0,,sunny,32.4,5231,0
2023-03-07,somnath,1,3,0,0,,sunny,33.0,7455,0
2023-03-07,dwarka,1,3,0,0,,sunny,33.0,7138,0
2023-03-07,ambaji,1,3,0,0,,sunny,33.0,5418,0
2023-03-07,pavagadh,1,3,0,0,,sunny,33.0,5001,0
2023-03-08,somnath,2,3,0,1,Holi,hot,35.3,22157,1
2023-03-08,dwarka,2,3,0,1,Holi,hot,35.3,21383,1
2023-03-08,ambaji,2,3,0,1,Holi,hot,35.3,24081,1
2023-03-08,pavagadh,2,3,0,1,Holi,hot,35.3,16885,1
2023-03-09,somnath,3,3,0,1,Holi,sunny,37.0,28588,1
2023-03-09,dwarka,3,3,0,1,Holi,sunny,37.0,23327,1
2023-03-09,ambaji,3,3,0,1,Holi,sunny,37.0,23376,1
2023-03-09,pavagadh,3,3,0,1,Holi,sunny,37.0,15312,1
2023-03-10,somnath,4,3,0,0,,sunny,41.4,7968,0
2023-03-10,dwarka,4,3,0,0,,sunny,41.4,7210,0
2023-03-10,ambaji,4,3,0,0,,sunny,41.4,5629,0
2023-03-10,pavagadh,4,3,0,0,,sunny,41.4,5317,0
2023-03-11,somnath,5,3,1,0,,cloudy,34.3,15421,1
2023-03-11,dwarka,5,3,1,0,,cloudy,34.3,10086,0
2023-03-11,ambaji,5,3,1,0,,cloudy,34.3,11093,0
2023-03-11,pavagadh,5,3,1,0,,cloudy,34.3,8927,0
2023-03-12,somnath,6,3,1,0,,sunny,35.7,14940,0
2023-03-12,dwarka,6,3,1,0,,sunny,35.7,11904,0
2023-03-12,ambaji,6,3,1,0,,sunny,35.7,10703,0
2023-03-12,pavagadh,6,3,1,0,,sunny,35.7,8972,0
2023-03-13,somnath,0,3,0,0,,hot,39.3,7722,0
2023-03-13,dwarka,0,3,0,0,,hot,39.3,7691,0
2023-03-13,ambaji,0,3,0,0,,hot,39.3,5413,0
2023-03-13,pavagadh,0,3,0,0,,hot,39.3,5113,0
2023-03-14,somnath,1,3,0,0,,sunny,42.0,8433,0
2023-03-14,dwarka,1,3,0,0,,sunny,42.0,8062,0
2023-03-14,ambaji,1,3,0,0,,sunny,42.0,6022,0
2023-03-14,pavagadh,1,3,0,0,,sunny,42.0,4719,0
2023-03-15,somnath,2,3,0,0,,hot,37.3,8059,0
2023-03-15,dwarka,2,3,0,0,,hot,37.3,7481,0
2023-03-15,ambaji,2,3,0,0,,hot,37.3,6492,0
2023-03-15,pavagadh,2,3,0,0,,hot,37.3,4350,0
2023-03-16,somnath,3,3,0,0,,cloudy,32.0,7358,0
2023-03-16,dwarka,3,3,0,0,,cloudy,32.0,6147,0
2023-03-16,ambaji,3,3,0,0,,cloudy,32.0,5970,0
2023-03-16,pavagadh,3,3,0,0,,cloudy,32.0,4826,0
2023-03-17,somnath,4,3,0,0,,sunny,35.1,7789,0
2023-03-17,dwarka,4,3,0,0,,sunny,35.1,7009,0
2023-03-17,ambaji,4,3,0,0,,sunny,35.1,6710,0
2023-03-17,pavagadh,4,3,0,0,,sunny,35.1,4989,0
2023-03-18,somnath,5,3,1,0,,hot,44.0,11584,0
2023-03-18,dwarka,5,3,1,0,,hot,44.0,8934,0
2023-03-18,ambaji,5,3,1,0,,hot,44.0,7922,0
2023-03-18,pavagadh,5,3,1,0,,hot,44.0,6284,0
2023-03-19,somnath,6,3,1,0,,cloudy,33.1,14877,0
2023-03-19,dwarka,6,3,1,0,,cloudy,33.1,12886,0
2023-03-19,ambaji,6,3,1,0,,cloudy,33.1,10936,0
2023-03-19,pavagadh,6,3,1,0,,cloudy,33.1,8759,0
2023-03-20,somnath,0,3,0,0,,sunny,37.7,8430,0
2023-03-20,dwarka,0,3,0,0,,sunny,37.7,6914,0
2023-03-20,ambaji,0,3,0,0,,sunny,37.7,5973,0
2023-03-20,pavagadh,0,3,0,0,,sunny,37.7,5325,0
2023-03-21,somnath,1,3,0,0,,sunny,41.1,7952,0
2023-03-21,dwarka,1,3,0,0,,sunny,41.1,6543,0
2023-03-21,ambaji,1,3,0,0,,sunny,41.1,5976,0
2023-03-21,pavagadh,1,3,0,0,,sunny,41.1,5146,0
2023-03-22,somnath,2,3,0,0,,hot,42.1,5775,0
2023-03-22,dwarka,2,3,0,0,,hot,42.1,5134,0
2023-03-22,ambaji,2,3,0,0,,hot,42.1,4694,0
2023-03-22,pavagadh,2,3,0,0,,hot,42.1,4021,0
2023-03-23,somnath,3,3,0,0,,sunny,39.0,8399,0
2023-03-23,dwarka,3,3,0,0,,sunny,39.0,6921,0
2023-03-23,ambaji,3,3,0,0,,sunny,39.0,5874,0
2023-03-23,pavagadh,3,3,0,0,,sunny,39.0,5275,0
2023-03-24,somnath,4,3,0,0,,hot,34.0,7561,0
2023-03-24,dwarka,4,3,0,0,,hot,34.0,6096,0
2023-03-24,ambaji,4,3,0,0,,hot,34.0,5958,0
2023-03-24,pavagadh,4,3,0,0,,hot,34.0,4898,0
2023-03-25,somnath,5,3,1,0,,sunny,36.3,15085,1
2023-03-25,dwarka,5,3,1,0,,sunny,36.3,12987,0
2023-03-25,ambaji,5,3,1,0,,sunny,36.3,10200,0
2023-03-25,pavagadh,5,3,1,0,,sunny,36.3,9638,0
2023-03-26,somnath,6,3,1,0,,sunny,35.4,14671,0
2023-03-26,dwarka,6,3,1,0,,sunny,35.4,12586,0
2023-03-26,ambaji,6,3,1,0,,sunny,35.4,10067,0
2023-03-26,pavagadh,6,3,1,0,,sunny,35.4,9419,0
2023-03-27,somnath,0,3,0,0,,sunny,35.2,6948,0
2023-03-27,dwarka,0,3,0,0,,sunny,35.2,7224,0
2023-03-27,ambaji,0,3,0,0,,sunny,35.2,6045,0
2023-03-27,pavagadh,0,3,0,0,,sunny,35.2,5045,0
2023-03-28,somnath,1,3,0,0,,sunny,44.8,8762,0
2023-03-28,dwarka,1,3,0,0,,sunny,44.8,7716,0
2023-03-28,ambaji,1,3,0,0,,sunny,44.8,5559,0
2023-03-28,pavagadh,1,3,0,0,,sunny,44.8,5381,0
2023-03-29,somnath,2,3,0,0,,sunny,39.6,7939,0
2023-03-29,dwarka,2,3,0,0,,sunny,39.6,7960,0
2023-03-29,ambaji,2,3,0,0,,sunny,39.6,6163,0
2023-03-29,pavagadh,2,3,0,0,,sunny,39.6,5019,0
2023-03-30,somnath,3,3,0,1,Ram Navami,cloudy,37.8,27951,1
2023-03-30,dwarka,3,3,0,1,Ram Navami,cloudy,37.8,21473,1
2023-03-30,ambaji,3,3,0,1,Ram Navami,cloudy,37.8,17451,1
2023-03-30,pavagadh,3,3,0,1,Ram Navami,cloudy,37.8,18067,1
2023-03-31,somnath,4,3,0,0,,sunny,37.1,8894,0
2023-03-31,dwarka,4,3,0,0,,sunny,37.1,7147,0
2023-03-31,ambaji,4,3,0,0,,sunny,37.1,6146,0
2023-03-31,pavagadh,4,3,0,0,,sunny,37.1,5231,0
2023-04-01,somnath,5,4,1,0,,hot,35.6,14613,0
2023-04-01,dwarka,5,4,1,0,,hot,35.6,12432,0
2023-04-01,ambaji,5,4,1,0,,hot,35.6,10354,0
2023-04-01,pavagadh,5,4,1,0,,hot,35.6,8655,0
2023-04-02,somnath,6,4,1,0,,hot,37.4,14036,0
2023-04-02,dwarka,6,4,1,0,,hot,37.4,12495,0
2023-04-02,ambaji,6,4,1,0,,hot,37.4,10718,0
2023-04-02,pavagadh,6,4,1,0,,hot,37.4,9360,0
2023-04-03,somnath,0,4,0,0,,hot,43.5,5373,0
2023-04-03,dwarka,0,4,0,0,,hot,43.5,5160,0
2023-04-03,ambaji,0,4,0,0,,hot,43.5,4693,0
2023-04-03,pavagadh,0,4,0,0,,hot,43.5,3276,0
2023-04-04,somnath,1,4,0,0,,cloudy,42.2,7524,0
2023-04-04,dwarka,1,4,0,0,,cloudy,42.2,7510,0
2023-04-04,ambaji,1,4,0,0,,cloudy,42.2,5011,0
2023-04-04,pavagadh,1,4,0,0,,cloudy,42.2,5080,0
2023-04-05,somnath,2,4,0,0,,sunny,37.0,8224,0
2023-04-05,dwarka,2,4,0,0,,sunny,37.0,7416,0
2023-04-05,ambaji,2,4,0,0,,sunny,37.0,6185,0
2023-04-05,pavagadh,2,4,0,0,,sunny,37.0,5782,0
2023-04-06,somnath,3,4,0,0,,sunny,32.8,8736,0
2023-04-06,dwarka,3,4,0,0,,sunny,32.8,6966,0
2023-04-06,ambaji,3,4,0,0,,sunny,32.8,6188,0
2023-04-06,pavagadh,3,4,0,0,,sunny,32.8,3524,0
2023-04-07,somnath,4,4,0,0,,cloudy,33.3,7739,0
2023-04-07,dwarka,4,4,0,0,,cloudy,33.3,6655,0
2023-04-07,ambaji,4,4,0,0,,cloudy,33.3,6406,0
2023-04-07,pavagadh,4,4,0,0,,cloudy,33.3,4234,0
2023-04-08,somnath,5,4,1,0,,hot,45.0,11100,0
2023-04-08,dwarka,5,4,1,0,,hot,45.0,10797,0
2023-04-08,ambaji,5,4,1,0,,hot,45.0,8267,0
2023-04-08,pavagadh,5,4,1,0,,hot,45.0,6297,0
2023-04-09,somnath,6,4,1,0,,sunny,43.0,15048,1
2023-04-09,dwarka,6,4,1,0,,sunny,43.0,13732,0
2023-04-09,ambaji,6,4,1,0,,sunny,43.0,11233,0
2023-04-09,pavagadh,6,4,1,0,,sunny,43.0,8020,0
2023-04-10,somnath,0,4,0,0,,cloudy,32.4,7555,0
2023-04-10,dwarka,0,4,0,0,,cloudy,32.4,5786,0
2023-04-10,ambaji,0,4,0,0,,cloudy,32.4,5467,0
2023-04-10,pavagadh,0,4,0,0,,cloudy,32.4,4812,0
2023-04-11,somnath,1,4,0,0,,hot,44.8,6386,0
2023-04-11,dwarka,1,4,0,0,,hot,44.8,4940,0
2023-04-11,ambaji,1,4,0,0,,hot,44.8,4358,0
2023-04-11,pavagadh,1,4,0,0,,hot,44.8,4054,0
2023-04-12,somnath,2,4,0,0,,hot,35.0,8143,0
2023-04-12,dwarka,2,4,0,0,,hot,35.0,7630,0
2023-04-12,ambaji,2,4,0,0,,hot,35.0,7006,0
2023-04-12,pavagadh,2,4,0,0,,hot,35.0,5004,0
2023-04-13,somnath,3,4,0,0,,hot,33.7,7723,0
2023-04-13,dwarka,3,4,0,0,,hot,33.7,5849,0
2023-04-13,ambaji,3,4,0,0,,hot,33.7,6222,0
2023-04-13,pavagadh,3,4,0,0,,hot,33.7,4725,0
2023-04-14,somnath,4,4,0,0,,hot,39.6,8898,0
2023-04-14,dwarka,4,4,0,0,,hot,39.6,6550,0
2023-04-14,ambaji,4,4,0,0,,hot,39.6,6509,0
2023-04-14,pavagadh,4,4,0,0,,hot,39.6,4388,0
2023-04-15,somnath,5,4,1,0,,cloudy,36.9,15412,1
2023-04-15,dwarka,5,4,1,0,,cloudy,36.9,12262,0
2023-04-15,ambaji,5,4,1,0,,cloudy,36.9,11353,0
2023-04-15,pavagadh,5,4,1,0,,cloudy,36.9,9339,0
2023-04-16,somnath,6,4,1,0,,hot,34.0,16215,1
2023-04-16,dwarka,6,4,1,0,,hot,34.0,12070,0
2023-04-16,ambaji,6,4,1,0,,hot,34.0,11937,0
2023-04-16,pavagadh,6,4,1,0,,hot,34.0,8761,0
2023-04-17,somnath,0,4,0,0,,hot,44.6,5641,0
2023-04-17,dwarka,0,4,0,0,,hot,44.6,4401,0
2023-04-17,ambaji,0,4,0,0,,hot,44.6,4555,0
2023-04-17,pavagadh,0,4,0,0,,hot,44.6,3555,0
2023-04-18,somnath,1,4,0,0,,sunny,34.3,7680,0
2023-04-18,dwarka,1,4,0,0,,sunny,34.3,7751,0
2023-04-18,ambaji,1,4,0,0,,sunny,34.3,6506,0
2023-04-18,pavagadh,1,4,0,0,,sunny,34.3,5435,0
2023-04-19,somnath,2,4,0,0,,cloudy,44.3,6502,0
2023-04-19,dwarka,2,4,0,0,,cloudy,44.3,8062,0
2023-04-19,ambaji,2,4,0,0,,cloudy,44.3,6113,0
2023-04-19,pavagadh,2,4,0,0,,cloudy,44.3,4979,0
2023-04-20,somnath,3,4,0,0,,sunny,44.0,8415,0
2023-04-20,dwarka,3,4,0,0,,sunny,44.0,6925,0
2023-04-20,ambaji,3,4,0,0,,sunny,44.0,5031,0
2023-04-20,pavagadh,3,4,0,0,,sunny,44.0,4647,0
2023-04-21,somnath,4,4,0,0,,hot,41.7,8128,0
2023-04-21,dwarka,4,4,0,0,,hot,41.7,8488,0
2023-04-21,ambaji,4,4,0,0,,hot,41.7,6462,0
2023-04-21,pavagadh,4,4,0,0,,hot,41.7,5679,0
2023-04-22,somnath,5,4,1,0,,hot,41.2,12954,0
2023-04-22,dwarka,5,4,1,0,,hot,41.2,11088,0
2023-04-22,ambaji,5,4,1,0,,hot,41.2,10200,0
2023-04-22,pavagadh,5,4,1,0,,hot,41.2,9174,0
2023-04-23,somnath,6,4,1,0,,hot,32.9,14378,0
2023-04-23,dwarka,6,4,1,0,,hot,32.9,13051,0
2023-04-23,ambaji,6,4,1,0,,hot,32.9,11600,0
2023-04-23,pavagadh,6,4,1,0,,hot,32.9,9005,0
2023-04-24,somnath,0,4,0,0,,sunny,44.6,8523,0
2023-04-24,dwarka,0,4,0,0,,sunny,44.6,6594,0
2023-04-24,ambaji,0,4,0,0,,sunny,44.6,5591,0
2023-04-24,pavagadh,0,4,0,0,,sunny,44.6,5325,0
2023-04-25,somnath,1,4,0,0,,hot,38.2,8572,0
2023-04-25,dwarka,1,4,0,0,,hot,38.2,6426,0
2023-04-25,ambaji,1,4,0,0,,hot,38.2,5897,0
2023-04-25,pavagadh,1,4,0,0,,hot,38.2,4794,0
2023-04-26,somnath,2,4,0,0,,hot,43.0,5890,0
2023-04-26,dwarka,2,4,0,0,,hot,43.0,5581,0
2023-04-26,ambaji,2,4,0,0,,hot,43.0,4626,0
2023-04-26,pavagadh,2,4,0,0,,hot,43.0,3717,0
2023-04-27,somnath,3,4,0,0,,hot,36.9,7915,0
2023-04-27,dwarka,3,4,0,0,,hot,36.9,6343,0
2023-04-27,ambaji,3,4,0,0,,hot,36.9,6160,0
2023-04-27,pavagadh,3,4,0,0,,hot,36.9,4901,0
2023-04-28,somnath,4,4,0,0,,sunny,40.0,7850,0
2023-04-28,dwarka,4,4,0,0,,sunny,40.0,7014,0
2023-04-28,ambaji,4,4,0,0,,sunny,40.0,6253,0
2023-04-28,pavagadh,4,4,0,0,,sunny,40.0,4920,0
2023-04-29,somnath,5,4,1,0,,cloudy,34.0,14989,0
2023-04-29,dwarka,5,4,1,0,,cloudy,34.0,12981,0
2023-04-29,ambaji,5,4,1,0,,cloudy,34.0,11261,0
2023-04-29,pavagadh,5,4,1,0,,cloudy,34.0,9970,0
2023-04-30,somnath,6,4,1,0,,sunny,41.5,14316,0
2023-04-30,dwarka,6,4,1,0,,sunny,41.5,13365,0
2023-04-30,ambaji,6,4,1,0,,sunny,41.5,10820,0
2023-04-30,pavagadh,6,4,1,0,,sunny,41.5,9215,0
2023-05-01,somnath,0,5,0,0,,sunny,42.9,5826,0
2023-05-01,dwarka,0,5,0,0,,sunny,42.9,5186,0
2023-05-01,ambaji,0,5,0,0,,sunny,42.9,3964,0
2023-05-01,pavagadh,0,5,0,0,,sunny,42.9,3596,0
2023-05-02,somnath,1,5,0,0,,sunny,39.8,5630,0
2023-05-02,dwarka,1,5,0,0,,sunny,39.8,4980,0
2023-05-02,ambaji,1,5,0,0,,sunny,39.8,4325,0
2023-05-02,pavagadh,1,5,0,0,,sunny,39.8,3692,0
2023-05-03,somnath,2,5,0,0,,hot,43.0,4086,0
2023-05-03,dwarka,2,5,0,0,,hot,43.0,3934,0
2023-05-03,ambaji,2,5,0,0,,hot,43.0,2803,0
2023-05-03,pavagadh,2,5,0,0,,hot,43.0,2645,0
2023-05-04,somnath,3,5,0,0,,hot,39.1,5948,0
2023-05-04,dwarka,3,5,0,0,,hot,39.1,5602,0
2023-05-04,ambaji,3,5,0,0,,hot,39.1,3967,0
2023-05-04,pavagadh,3,5,0,0,,hot,39.1,3709,0
2023-05-05,somnath,4,5,0,0,,hot,38.0,5649,0
2023-05-05,dwarka,4,5,0,0,,hot,38.0,5187,0
2023-05-05,ambaji,4,5,0,0,,hot,38.0,4687,0
2023-05-05,pavagadh,4,5,0,0,,hot,38.0,3666,0
2023-05-06,somnath,5,5,1,0,,sunny,33.1,9555,0
2023-05-06,dwarka,5,5,1,0,,sunny,33.1,9507,0
2023-05-06,ambaji,5,5,1,0,,sunny,33.1,8304,0
2023-05-06,pavagadh,5,5,1,0,,sunny,33.1,6185,0
2023-05-07,somnath,6,5,1,0,,sunny,42.9,10408,0
2023-05-07,dwarka,6,5,1,0,,sunny,42.9,8194,0
2023-05-07,ambaji,6,5,1,0,,sunny,42.9,6450,0
2023-05-07,pavagadh,6,5,1,0,,sunny,42.9,6090,0
2023-05-08,somnath,0,5,0,0,,sunny,43.5,5432,0
2023-05-08,dwarka,0,5,0,0,,sunny,43.5,4922,0
2023-05-08,ambaji,0,5,0,0,,sunny,43.5,4608,0
2023-05-08,pavagadh,0,5,0,0,,sunny,43.5,3262,0
2023-05-09,somnath,1,5,0,0,,sunny,43.7,5797,0
2023-05-09,dwarka,1,5,0,0,,sunny,43.7,4375,0
2023-05-09,ambaji,1,5,0,0,,sunny,43.7,4084,0
2023-05-09,pavagadh,1,5,0,0,,sunny,43.7,3409,0
2023-05-10,somnath,2,5,0,0,,sunny,34.2,6719,0
2023-05-10,dwarka,2,5,0,0,,sunny,34.2,4804,0
2023-05-10,ambaji,2,5,0,0,,sunny,34.2,4259,0
2023-05-10,pavagadh,2,5,0,0,,sunny,34.2,3373,0
2023-05-11,somnath,3,5,0,0,,sunny,44.8,4274,0
2023-05-11,dwarka,3,5,0,0,,sunny,44.8,5399,0
2023-05-11,ambaji,3,5,0,0,,sunny,44.8,3784,0
2023-05-11,pavagadh,3,5,0,0,,sunny,44.8,3143,0
2023-05-12,somnath,4,5,0,0,,hot,43.8,4301,0
2023-05-12,dwarka,4,5,0,0,,hot,43.8,3622,0
2023-05-12,ambaji,4,5,0,0,,hot,43.8,2969,0
2023-05-12,pavagadh,4,5,0,0,,hot,43.8,2753,0
2023-05-13,somnath,5,5,1,0,,hot,35.6,8596,0
2023-05-13,dwarka,5,5,1,0,,hot,35.6,9170,0
2023-05-13,ambaji,5,5,1,0,,hot,35.6,7740,0
2023-05-13,pavagadh,5,5,1,0,,hot,35.6,5657,0
2023-05-14,somnath,6,5,1,0,,sunny,37.5,9712,0
2023-05-14,dwarka,6,5,1,0,,sunny,37.5,9012,0
2023-05-14,ambaji,6,5,1,0,,sunny,37.5,6747,0
2023-05-14,pavagadh,6,5,1,0,,sunny,37.5,5882,0
2023-05-15,somnath,0,5,0,0,,cloudy,44.0,5421,0
2023-05-15,dwarka,0,5,0,0,,cloudy,44.0,4835,0
2023-05-15,ambaji,0,5,0,0,,cloudy,44.0,4112,0
2023-05-15,pavagadh,0,5,0,0,,cloudy,44.0,3817,0
2023-05-16,somnath,1,5,0,0,,hot,37.3,5241,0
2023-05-16,dwarka,1,5,0,0,,hot,37.3,5184,0
2023-05-16,ambaji,1,5,0,0,,hot,37.3,4133,0
2023-05-16,pavagadh,1,5,0,0,,hot,37.3,3454,0
2023-05-17,somnath,2,5,0,0,,hot,33.9,5099,0
2023-05-17,dwarka,2,5,0,0,,hot,33.9,4543,0
2023-05-17,ambaji,2,5,0,0,,hot,33.9,4842,0
2023-05-17,pavagadh,2,5,0,0,,hot,33.9,3633,0
2023-05-18,somnath,3,5,0,0,,hot,35.1,5575,0
2023-05-18,dwarka,3,5,0,0,,hot,35.1,4073,0
2023-05-18,ambaji,3,5,0,0,,hot,35.1,4251,0
2023-05-18,pavagadh,3,5,0,0,,hot,35.1,3468,0
2023-05-19,somnath,4,5,0,0,,sunny,35.9,5507,0
2023-05-19,dwarka,4,5,0,0,,sunny,35.9,5320,0
2023-05-19,ambaji,4,5,0,0,,sunny,35.9,4152,0
2023-05-19,pavagadh,4,5,0,0,,sunny,35.9,3387,0
2023-05-20,somnath,5,5,1,0,,cloudy,33.7,10887,0
2023-05-20,dwarka,5,5,1,0,,cloudy,33.7,8705,0
2023-05-20,ambaji,5,5,1,0,,cloudy,33.7,7766,0
2023-05-20,pavagadh,5,5,1,0,,cloudy,33.7,5967,0
2023-05-21,somnath,6,5,1,0,,sunny,40.4,10278,0
2023-05-21,dwarka,6,5,1,0,,sunny,40.4,9242,0
2023-05-21,ambaji,6,5,1,0,,sunny,40.4,7978,0
2023-05-21,pavagadh,6,5,1,0,,sunny,40.4,5606,0
2023-05-22,somnath,0,5,0,0,,sunny,43.3,5818,0
2023-05-22,dwarka,0,5,0,0,,sunny,43.3,4501,0
2023-05-22,ambaji,0,5,0,0,,sunny,43.3,4347,0
2023-05-22,pavagadh,0,5,0,0,,sunny,43.3,3691,0
2023-05-23,somnath,1,5,0,0,,sunny,33.8,6113,0
2023-05-23,dwarka,1,5,0,0,,sunny,33.8,4292,0
2023-05-23,ambaji,1,5,0,0,,sunny,33.8,4403,0
2023-05-23,pavagadh,1,5,0,0,,sunny,33.8,3531,0
2023-05-24,somnath,2,5,0,0,,sunny,42.9,5601,0
2023-05-24,dwarka,2,5,0,0,,sunny,42.9,5306,0
2023-05-24,ambaji,2,5,0,0,,sunny,42.9,4628,0
2023-05-24,pavagadh,2,5,0,0,,sunny,42.9,3298,0
2023-05-25,somnath,3,5,0,0,,hot,42.7,3753,0
2023-05-25,dwarka,3,5,0,0,,hot,42.7,3662,0
2023-05-25,ambaji,3,5,0,0,,hot,42.7,3192,0
2023-05-25,pavagadh,3,5,0,0,,hot,42.7,2659,0
2023-05-26,somnath,4,5,0,0,,hot,39.7,5973,0
2023-05-26,dwarka,4,5,0,0,,hot,39.7,5567,0
2023-05-26,ambaji,4,5,0,0,,hot,39.7,3950,0
2023-05-26,pavagadh,4,5,0,0,,hot,39.7,3374,0
2023-05-27,somnath,5,5,1,0,,hot,43.6,7554,0
2023-05-27,dwarka,5,5,1,0,,hot,43.6,5857,0
2023-05-27,ambaji,5,5,1,0,,hot,43.6,5578,0
2023-05-27,pavagadh,5,5,1,0,,hot,43.6,5067,0
2023-05-28,somnath,6,5,1,0,,hot,39.4,11535,0
2023-05-28,dwarka,6,5,1,0,,hot,39.4,8535,0
2023-05-28,ambaji,6,5,1,0,,hot,39.4,7047,0
2023-05-28,pavagadh,6,5,1,0,,hot,39.4,5732,0
2023-05-29,somnath,0,5,0,0,,hot,37.3,6325,0
2023-05-29,dwarka,0,5,0,0,,hot,37.3,4980,0
2023-05-29,ambaji,0,5,0,0,,hot,37.3,4205,0
2023-05-29,pavagadh,0,5,0,0,,hot,37.3,3465,0
2023-05-30,somnath,1,5,0,0,,cloudy,40.4,5556,0
2023-05-30,dwarka,1,5,0,0,,cloudy,40.4,4872,0
2023-05-30,ambaji,1,5,0,0,,cloudy,40.4,4191,0
2023-05-30,pavagadh,1,5,0,0,,cloudy,40.4,3975,0
2023-05-31,somnath,2,5,0,0,,hot,44.6,3994,0
2023-05-31,dwarka,2,5,0,0,,hot,44.6,3449,0
2023-05-31,ambaji,2,5,0,0,,hot,44.6,2994,0
2023-05-31,pavagadh,2,5,0,0,,hot,44.6,2753,0
2023-06-01,somnath,3,6,0,0,,rainy,29.7,3152,0
2023-06-01,dwarka,3,6,0,0,,rainy,29.7,2571,0
2023-06-01,ambaji,3,6,0,0,,rainy,29.7,2450,0
2023-06-01,pavagadh,3,6,0,0,,rainy,29.7,2144,0
2023-06-02,somnath,4,6,0,0,,cloudy,31.3,5825,0
2023-06-02,dwarka,4,6,0,0,,cloudy,31.3,4604,0
2023-06-02,ambaji,4,6,0,0,,cloudy,31.3,3940,0
2023-06-02,pavagadh,4,6,0,0,,cloudy,31.3,3213,0
2023-06-03,somnath,5,6,1,0,,rainy,26.9,7294,0
2023-06-03,dwarka,5,6,1,0,,rainy,26.9,5754,0
2023-06-03,ambaji,5,6,1,0,,rainy,26.9,4107,0
2023-06-03,pavagadh,5,6,1,0,,rainy,26.9,3344,0
2023-06-04,somnath,6,6,1,0,,rainy,31.7,6346,0
2023-06-04,dwarka,6,6,1,0,,rainy,31.7,5083,0
2023-06-04,ambaji,6,6,1,0,,rainy,31.7,4877,0
2023-06-04,pavagadh,6,6,1,0,,rainy,31.7,4170,0
2023-06-05,somnath,0,6,0,0,,sunny,32.4,5784,0
2023-06-05,dwarka,0,6,0,0,,sunny,32.4,4429,0
2023-06-05,ambaji,0,6,0,0,,sunny,32.4,3946,0
2023-06-05,pavagadh,0,6,0,0,,sunny,32.4,3164,0
2023-06-06,somnath,1,6,0,0,,cloudy,31.2,5925,0
2023-06-06,dwarka,1,6,0,0,,cloudy,31.2,4895,0
2023-06-06,ambaji,1,6,0,0,,cloudy,31.2,3928,0
2023-06-06,pavagadh,1,6,0,0,,cloudy,31.2,3627,0
2023-06-07,somnath,2,6,0,0,,rainy,31.7,3213,0
2023-06-07,dwarka,2,6,0,0,,rainy,31.7,2877,0
2023-06-07,ambaji,2,6,0,0,,rainy,31.7,2500,0
2023-06-07,pavagadh,2,6,0,0,,rainy,31.7,1990,0
2023-06-08,somnath,3,6,0,0,,cloudy,32.3,6122,0
2023-06-08,dwarka,3,6,0,0,,cloudy,32.3,4596,0
2023-06-08,ambaji,3,6,0,0,,cloudy,32.3,3592,0
2023-06-08,pavagadh,3,6,0,0,,cloudy,32.3,3477,0
2023-06-09,somnath,4,6,0,0,,sunny,33.0,5680,0
2023-06-09,dwarka,4,6,0,0,,sunny,33.0,5051,0
2023-06-09,ambaji,4,6,0,0,,sunny,33.0,4369,0
2023-06-09,pavagadh,4,6,0,0,,sunny,33.0,3646,0
2023-06-10,somnath,5,6,1,0,,sunny,32.1,10546,0
2023-06-10,dwarka,5,6,1,0,,sunny,32.1,9731,0
2023-06-10,ambaji,5,6,1,0,,sunny,32.1,7434,0
2023-06-10,pavagadh,5,6,1,0,,sunny,32.1,6475,0
2023-06-11,somnath,6,6,1,0,,rainy,32.0,5768,0
2023-06-11,dwarka,6,6,1,0,,rainy,32.0,5947,0
2023-06-11,ambaji,6,6,1,0,,rainy,32.0,4407,0
2023-06-11,pavagadh,6,6,1,0,,rainy,32.0,3972,0
2023-06-12,somnath,0,6,0,0,,rainy,32.8,2863,0
2023-06-12,dwarka,0,6,0,0,,rainy,32.8,3021,0
2023-06-12,ambaji,0,6,0,0,,rainy,32.8,2127,0
2023-06-12,pavagadh,0,6,0,0,,rainy,32.8,1910,0
2023-06-13,somnath,1,6,0,0,,rainy,33.1,2853,0
2023-06-13,dwarka,1,6,0,0,,rainy,33.1,2939,0
2023-06-13,ambaji,1,6,0,0,,rainy,33.1,2403,0
2023-06-13,pavagadh,1,6,0,0,,rainy,33.1,2190,0
2023-06-14,somnath,2,6,0,0,,rainy,32.8,3470,0
2023-06-14,dwarka,2,6,0,0,,rainy,32.8,3052,0
2023-06-14,ambaji,2,6,0,0,,rainy,32.8,2314,0
2023-06-14,pavagadh,2,6,0,0,,rainy,32.8,2210,0
2023-06-15,somnath,3,6,0,0,,sunny,29.7,5330,0
2023-06-15,dwarka,3,6,0,0,,sunny,29.7,5433,0
2023-06-15,ambaji,3,6,0,0,,sunny,29.7,4266,0
2023-06-15,pavagadh,3,6,0,0,,sunny,29.7,3201,0
2023-06-16,somnath,4,6,0,0,,cloudy,27.4,5573,0
2023-06-16,dwarka,4,6,0,0,,cloudy,27.4,4873,0
2023-06-16,ambaji,4,6,0,0,,cloudy,27.4,4121,0
2023-06-16,pavagadh,4,6,0,0,,cloudy,27.4,3939,0
2023-06-17,somnath,5,6,1,0,,rainy,32.1,5279,0
2023-06-17,dwarka,5,6,1,0,,rainy,32.1,5336,0
2023-06-17,ambaji,5,6,1,0,,rainy,32.1,4936,0
2023-06-17,pavagadh,5,6,1,0,,rainy,32.1,3986,0
2023-06-18,somnath,6,6,1,0,,cloudy,29.2,10806,0
2023-06-18,dwarka,6,6,1,0,,cloudy,29.2,8679,0
2023-06-18,ambaji,6,6,1,0,,cloudy,29.2,7928,0
2023-06-18,pavagadh,6,6,1,0,,cloudy,29.2,6374,0
2023-06-19,somnath,0,6,0,0,,rainy,26.1,3151,0
2023-06-19,dwarka,0,6,0,0,,rainy,26.1,3315,0
2023-06-19,ambaji,0,6,0,0,,rainy,26.1,2624,0
2023-06-19,pavagadh,0,6,0,0,,rainy,26.1,2320,0
2023-06-20,somnath,1,6,0,0,,cloudy,28.0,5466,0
2023-06-20,dwarka,1,6,0,0,,cloudy,28.0,4583,0
2023-06-20,ambaji,1,6,0,0,,cloudy,28.0,4414,0
2023-06-20,pavagadh,1,6,0,0,,cloudy,28.0,3687,0
2023-06-21,somnath,2,6,0,0,,cloudy,27.3,5758,0
2023-06-21,dwarka,2,6,0,0,,cloudy,27.3,4623,0
2023-06-21,ambaji,2,6,0,0,,cloudy,27.3,4071,0
2023-06-21,pavagadh,2,6,0,0,,cloudy,27.3,3910,0
2023-06-22,somnath,3,6,0,0,,cloudy,28.7,6652,0
2023-06-22,dwarka,3,6,0,0,,cloudy,28.7,4119,0
2023-06-22,ambaji,3,6,0,0,,cloudy,28.7,3827,0
2023-06-22,pavagadh,3,6,0,0,,cloudy,28.7,3972,0
2023-06-23,somnath,4,6,0,0,,rainy,27.5,3894,0
2023-06-23,dwarka,4,6,0,0,,rainy,27.5,2782,0
2023-06-23,ambaji,4,6,0,0,,rainy,27.5,2408,0
2023-06-23,pavagadh,4,6,0,0,,rainy,27.5,2165,0
2023-06-24,somnath,5,6,1,0,,cloudy,27.0,9979,0
2023-06-24,dwarka,5,6,1,0,,cloudy,27.0,7941,0
2023-06-24,ambaji,5,6,1,0,,cloudy,27.0,7824,0
2023-06-24,pavagadh,5,6,1,0,,cloudy,27.0,6694,0
2023-06-25,somnath,6,6,1,0,,cloudy,26.3,10495,0
2023-06-25,dwarka,6,6,1,0,,cloudy,26.3,8464,0
2023-06-25,ambaji,6,6,1,0,,cloudy,26.3,7385,0
2023-06-25,pavagadh,6,6,1,0,,cloudy,26.3,6268,0
2023-06-26,somnath,0,6,0,0,,sunny,31.3,5552,0
2023-06-26,dwarka,0,6,0,0,,sunny,31.3,4840,0
2023-06-26,ambaji,0,6,0,0,,sunny,31.3,4079,0
2023-06-26,pavagadh,0,6,0,0,,sunny,31.3,3247,0
2023-06-27,somnath,1,6,0,0,,rainy,30.4,3217,0
2023-06-27,dwarka,1,6,0,0,,rainy,30.4,2960,0
2023-06-27,ambaji,1,6,0,0,,rainy,30.4,2430,0
2023-06-27,pavagadh,1,6,0,0,,rainy,30.4,1891,0
2023-06-28,somnath,2,6,0,0,,rainy,31.3,3256,0
2023-06-28,dwarka,2,6,0,0,,rainy,31.3,2791,0
2023-06-28,ambaji,2,6,0,0,,rainy,31.3,2439,0
2023-06-28,pavagadh,2,6,0,0,,rainy,31.3,2047,0
2023-06-29,somnath,3,6,0,0,,sunny,26.8,5559,0
2023-06-29,dwarka,3,6,0,0,,sunny,26.8,4720,0
2023-06-29,ambaji,3,6,0,0,,sunny,26.8,4313,0
2023-06-29,pavagadh,3,6,0,0,,sunny,26.8,3582,0
2023-06-30,somnath,4,6,0,0,,rainy,27.6,3335,0
2023-06-30,dwarka,4,6,0,0,,rainy,27.6,3207,0
2023-06-30,ambaji,4,6,0,0,,rainy,27.6,2608,0
2023-06-30,pavagadh,4,6,0,0,,rainy,27.6,2334,0
2023-07-01,somnath,5,7,1,0,,rainy,26.3,8198,0
2023-07-01,dwarka,5,7,1,0,,rainy,26.3,7569,0
2023-07-01,ambaji,5,7,1,0,,rainy,26.3,6878,0
2023-07-01,pavagadh,5,7,1,0,,rainy,26.3,5252,0
2023-07-02,somnath,6,7,1,0,,rainy,31.4,9666,0
2023-07-02,dwarka,6,7,1,0,,rainy,31.4,6965,0
2023-07-02,ambaji,6,7,1,0,,rainy,31.4,6345,0
2023-07-02,pavagadh,6,7,1,0,,rainy,31.4,5199,0
2023-07-03,somnath,0,7,0,0,,rainy,30.1,4772,0
2023-07-03,dwarka,0,7,0,0,,rainy,30.1,4056,0
2023-07-03,ambaji,0,7,0,0,,rainy,30.1,3593,0
2023-07-03,pavagadh,0,7,0,0,,rainy,30.1,3163,0
2023-07-04,somnath,1,7,0,0,,sunny,28.4,7732,0
2023-07-04,dwarka,1,7,0,0,,sunny,28.4,7054,0
2023-07-04,ambaji,1,7,0,0,,sunny,28.4,6058,0
2023-07-04,pavagadh,1,7,0,0,,sunny,28.4,5095,0
2023-07-05,somnath,2,7,0,0,,rainy,32.4,4574,0
2023-07-05,dwarka,2,7,0,0,,rainy,32.4,4676,0
2023-07-05,ambaji,2,7,0,0,,rainy,32.4,3976,0
2023-07-05,pavagadh,2,7,0,0,,rainy,32.4,3213,0
2023-07-06,somnath,3,7,0,0,,rainy,32.8,4686,0
2023-07-06,dwarka,3,7,0,0,,rainy,32.8,4035,0
2023-07-06,ambaji,3,7,0,0,,rainy,32.8,3419,0
2023-07-06,pavagadh,3,7,0,0,,rainy,32.8,3188,0
2023-07-07,somnath,4,7,0,0,,cloudy,33.0,8919,0
2023-07-07,dwarka,4,7,0,0,,cloudy,33.0,7532,0
2023-07-07,ambaji,4,7,0,0,,cloudy,33.0,6186,0
2023-07-07,pavagadh,4,7,0,0,,cloudy,33.0,5346,0
2023-07-08,somnath,5,7,1,0,,sunny,28.2,12814,0
2023-07-08,dwarka,5,7,1,0,,sunny,28.2,13813,0
2023-07-08,ambaji,5,7,1,0,,sunny,28.2,11161,0
2023-07-08,pavagadh,5,7,1,0,,sunny,28.2,8071,0
2023-07-09,somnath,6,7,1,0,,cloudy,26.9,14275,0
2023-07-09,dwarka,6,7,1,0,,cloudy,26.9,12290,0
2023-07-09,ambaji,6,7,1,0,,cloudy,26.9,11246,0
2023-07-09,pavagadh,6,7,1,0,,cloudy,26.9,8859,0
2023-07-10,somnath,0,7,0,0,,rainy,30.7,4975,0
2023-07-10,dwarka,0,7,0,0,,rainy,30.7,3751,0
2023-07-10,ambaji,0,7,0,0,,rainy,30.7,3710,0
2023-07-10,pavagadh,0,7,0,0,,rainy,30.7,3200,0
2023-07-11,somnath,1,7,0,0,,rainy,26.2,4525,0
2023-07-11,dwarka,1,7,0,0,,rainy,26.2,3649,0
2023-07-11,ambaji,1,7,0,0,,rainy,26.2,3741,0
2023-07-11,pavagadh,1,7,0,0,,rainy,26.2,2980,0
2023-07-12,somnath,2,7,0,0,,sunny,26.9,7844,0
2023-07-12,dwarka,2,7,0,0,,sunny,26.9,7085,0
2023-07-12,ambaji,2,7,0,0,,sunny,26.9,5972,0
2023-07-12,pavagadh,2,7,0,0,,sunny,26.9,5325,0
2023-07-13,somnath,3,7,0,0,,cloudy,31.4,8086,0
2023-07-13,dwarka,3,7,0,0,,cloudy,31.4,6316,0
2023-07-13,ambaji,3,7,0,0,,cloudy,31.4,4860,0
2023-07-13,pavagadh,3,7,0,0,,cloudy,31.4,4589,0
2023-07-14,somnath,4,7,0,0,,cloudy,28.7,7078,0
2023-07-14,dwarka,4,7,0,0,,cloudy,28.7,6882,0
2023-07-14,ambaji,4,7,0,0,,cloudy,28.7,6547,0
2023-07-14,pavagadh,4,7,0,0,,cloudy,28.7,5311,0
2023-07-15,somnath,5,7,1,0,,rainy,28.8,8355,0
2023-07-15,dwarka,5,7,1,0,,rainy,28.8,7060,0
2023-07-15,ambaji,5,7,1,0,,rainy,28.8,6810,0
2023-07-15,pavagadh,5,7,1,0,,rainy,28.8,4961,0
2023-07-16,somnath,6,7,1,0,,sunny,26.4,14008,0
2023-07-16,dwarka,6,7,1,0,,sunny,26.4,12167,0
2023-07-16,ambaji,6,7,1,0,,sunny,26.4,11721,0
2023-07-16,pavagadh,6,7,1,0,,sunny,26.4,7927,0
2023-07-17,somnath,0,7,0,0,,sunny,26.6,7555,0
2023-07-17,dwarka,0,7,0,0,,sunny,26.6,7020,0
2023-07-17,ambaji,0,7,0,0,,sunny,26.6,6142,0
2023-07-17,pavagadh,0,7,0,0,,sunny,26.6,4978,0
2023-07-18,somnath,1,7,0,0,,rainy,31.1,4584,0
2023-07-18,dwarka,1,7,0,0,,rainy,31.1,4332,0
2023-07-18,ambaji,1,7,0,0,,rainy,31.1,3131,0
2023-07-18,pavagadh,1,7,0,0,,rainy,31.1,3103,0
2023-07-19,somnath,2,7,0,0,,rainy,32.9,4629,0
2023-07-19,dwarka,2,7,0,0,,rainy,32.9,4252,0
2023-07-19,ambaji,2,7,0,0,,rainy,32.9,3207,0
2023-07-19,pavagadh,2,7,0,0,,rainy,32.9,3005,0
2023-07-20,somnath,3,7,0,0,,rainy,29.3,4794,0
2023-07-20,dwarka,3,7,0,0,,rainy,29.3,4198,0
2023-07-20,ambaji,3,7,0,0,,rainy,29.3,3909,0
2023-07-20,pavagadh,3,7,0,0,,rainy,29.3,3166,0
2023-07-21,somnath,4,7,0,0,,cloudy,28.4,7592,0
2023-07-21,dwarka,4,7,0,0,,cloudy,28.4,6981,0
2023-07-21,ambaji,4,7,0,0,,cloudy,28.4,5478,0
2023-07-21,pavagadh,4,7,0,0,,cloudy,28.4,4191,0
2023-07-22,somnath,5,7,1,0,,rainy,26.4,8761,0
2023-07-22,dwarka,5,7,1,0,,rainy,26.4,8175,0
2023-07-22,ambaji,5,7,1,0,,rainy,26.4,5852,0
2023-07-22,pavagadh,5,7,1,0,,rainy,26.4,5192,0
2023-07-23,somnath,6,7,1,0,,cloudy,31.3,14287,0
2023-07-23,dwarka,6,7,1,0,,cloudy,31.3,12146,0
2023-07-23,ambaji,6,7,1,0,,cloudy,31.3,10834,0
2023-07-23,pavagadh,6,7,1,0,,cloudy,31.3,8523,0
2023-07-24,somnath,0,7,0,0,,rainy,32.6,5092,0
2023-07-24,dwarka,0,7,0,0,,rainy,32.6,4142,0
2023-07-24,ambaji,0,7,0,0,,rainy,32.6,3184,0
2023-07-24,pavagadh,0,7,0,0,,rainy,32.6,2952,0
2023-07-25,somnath,1,7,0,0,,rainy,27.3,5163,0
2023-07-25,dwarka,1,7,0,0,,rainy,27.3,4586,0
2023-07-25,ambaji,1,7,0,0,,rainy,27.3,3577,0
2023-07-25,pavagadh,1,7,0,0,,rainy,27.3,2895,0
2023-07-26,somnath,2,7,0,0,,cloudy,27.5,8543,0
2023-07-26,dwarka,2,7,0,0,,cloudy,27.5,6777,0
2023-07-26,ambaji,2,7,0,0,,cloudy,27.5,5244,0
2023-07-26,pavagadh,2,7,0,0,,cloudy,27.5,5174,0
2023-07-27,somnath,3,7,0,0,,cloudy,26.9,6822,0
2023-07-27,dwarka,3,7,0,0,,cloudy,26.9,7614,0
2023-07-27,ambaji,3,7,0,0,,cloudy,26.9,6313,0
2023-07-27,pavagadh,3,7,0,0,,cloudy,26.9,4574,0
2023-07-28,somnath,4,7,0,0,,cloudy,29.6,7184,0
2023-07-28,dwarka,4,7,0,0,,cloudy,29.6,5898,0
2023-07-28,ambaji,4,7,0,0,,cloudy,29.6,6351,0
2023-07-28,pavagadh,4,7,0,0,,cloudy,29.6,5330,0
2023-07-29,somnath,5,7,1,0,,cloudy,26.4,16295,1
2023-07-29,dwarka,5,7,1,0,,cloudy,26.4,11886,0
2023-07-29,ambaji,5,7,1,0,,cloudy,26.4,9840,0
2023-07-29,pavagadh,5,7,1,0,,cloudy,26.4,9086,0
2023-07-30,somnath,6,7,1,0,,sunny,27.4,12860,0
2023-07-30,dwarka,6,7,1,0,,sunny,27.4,11875,0
2023-07-30,ambaji,6,7,1,0,,sunny,27.4,11355,0
2023-07-30,pavagadh,6,7,1,0,,sunny,27.4,9482,0
2023-07-31,somnath,0,7,0,0,,cloudy,33.1,7409,0
2023-07-31,dwarka,0,7,0,0,,cloudy,33.1,6987,0
2023-07-31,ambaji,0,7,0,0,,cloudy,33.1,6993,0
2023-07-31,pavagadh,0,7,0,0,,cloudy,33.1,4893,0
2023-08-01,somnath,1,8,0,0,,cloudy,28.2,9551,0
2023-08-01,dwarka,1,8,0,0,,cloudy,28.2,6684,0
2023-08-01,ambaji,1,8,0,0,,cloudy,28.2,5770,0
2023-08-01,pavagadh,1,8,0,0,,cloudy,28.2,5059,0
2023-08-02,somnath,2,8,0,0,,rainy,31.6,4797,0
2023-08-02,dwarka,2,8,0,0,,rainy,31.6,3935,0
2023-08-02,ambaji,2,8,0,0,,rainy,31.6,3439,0
2023-08-02,pavagadh,2,8,0,0,,rainy,31.6,2574,0
2023-08-03,somnath,3,8,0,0,,cloudy,33.5,7730,0
2023-08-03,dwarka,3,8,0,0,,cloudy,33.5,6740,0
2023-08-03,ambaji,3,8,0,0,,cloudy,33.5,5735,0
2023-08-03,pavagadh,3,8,0,0,,cloudy,33.5,4781,0
2023-08-04,somnath,4,8,0,0,,rainy,31.4,5318,0
2023-08-04,dwarka,4,8,0,0,,rainy,31.4,4147,0
2023-08-04,ambaji,4,8,0,0,,rainy,31.4,3909,0
2023-08-04,pavagadh,4,8,0,0,,rainy,31.4,2931,0
2023-08-05,somnath,5,8,1,0,,cloudy,28.6,15153,1
2023-08-05,dwarka,5,8,1,0,,cloudy,28.6,13184,0
2023-08-05,ambaji,5,8,1,0,,cloudy,28.6,9755,0
2023-08-05,pavagadh,5,8,1,0,,cloudy,28.6,9108,0
2023-08-06,somnath,6,8,1,0,,cloudy,29.3,14372,0
2023-08-06,dwarka,6,8,1,0,,cloudy,29.3,10787,0
2023-08-06,ambaji,6,8,1,0,,cloudy,29.3,10449,0
2023-08-06,pavagadh,6,8,1,0,,cloudy,29.3,10275,0
2023-08-07,somnath,0,8,0,0,,sunny,30.2,8332,0
2023-08-07,dwarka,0,8,0,0,,sunny,30.2,7047,0
2023-08-07,ambaji,0,8,0,0,,sunny,30.2,5856,0
2023-08-07,pavagadh,0,8,0,0,,sunny,30.2,4780,0
2023-08-08,somnath,1,8,0,0,,cloudy,27.3,7896,0
2023-08-08,dwarka,1,8,0,0,,cloudy,27.3,7388,0
2023-08-08,ambaji,1,8,0,0,,cloudy,27.3,6367,0
2023-08-08,pavagadh,1,8,0,0,,cloudy,27.3,4514,0
2023-08-09,somnath,2,8,0,0,,rainy,32.0,5447,0
2023-08-09,dwarka,2,8,0,0,,rainy,32.0,4316,0
2023-08-09,ambaji,2,8,0,0,,rainy,32.0,4035,0
2023-08-09,pavagadh,2,8,0,0,,rainy,32.0,3272,0
2023-08-10,somnath,3,8,0,0,,cloudy,32.9,7963,0
2023-08-10,dwarka,3,8,0,0,,cloudy,32.9,6327,0
2023-08-10,ambaji,3,8,0,0,,cloudy,32.9,6061,0
2023-08-10,pavagadh,3,8,0,0,,cloudy,32.9,5655,0
2023-08-11,somnath,4,8,0,0,,cloudy,28.3,7298,0
2023-08-11,dwarka,4,8,0,0,,cloudy,28.3,5969,0
2023-08-11,ambaji,4,8,0,0,,cloudy,28.3,5142,0
2023-08-11,pavagadh,4,8,0,0,,cloudy,28.3,5610,0
2023-08-12,somnath,5,8,1,0,,sunny,28.5,14235,0
2023-08-12,dwarka,5,8,1,0,,sunny,28.5,12551,0
2023-08-12,ambaji,5,8,1,0,,sunny,28.5,10790,0
2023-08-12,pavagadh,5,8,1,0,,sunny,28.5,9940,0
2023-08-13,somnath,6,8,1,0,,cloudy,33.0,15546,1
2023-08-13,dwarka,6,8,1,0,,cloudy,33.0,10776,0
2023-08-13,ambaji,6,8,1,0,,cloudy,33.0,10471,0
2023-08-13,pavagadh,6,8,1,0,,cloudy,33.0,8064,0
2023-08-14,somnath,0,8,0,0,,cloudy,30.4,7173,0
2023-08-14,dwarka,0,8,0,0,,cloudy,30.4,6451,0
2023-08-14,ambaji,0,8,0,0,,cloudy,30.4,6366,0
2023-08-14,pavagadh,0,8,0,0,,cloudy,30.4,4930,0
2023-08-15,somnath,1,8,0,0,,rainy,31.5,4886,0
2023-08-15,dwarka,1,8,0,0,,rainy,31.5,4380,0
2023-08-15,ambaji,1,8,0,0,,rainy,31.5,3338,0
2023-08-15,pavagadh,1,8,0,0,,rainy,31.5,2981,0
2023-08-16,somnath,2,8,0,0,,rainy,30.5,5126,0
2023-08-16,dwarka,2,8,0,0,,rainy,30.5,4504,0
2023-08-16,ambaji,2,8,0,0,,rainy,30.5,3592,0
2023-08-16,pavagadh,2,8,0,0,,rainy,30.5,3201,0
2023-08-17,somnath,3,8,0,0,,cloudy,27.2,8301,0
2023-08-17,dwarka,3,8,0,0,,cloudy,27.2,7381,0
2023-08-17,ambaji,3,8,0,0,,cloudy,27.2,6992,0
2023-08-17,pavagadh,3,8,0,0,,cloudy,27.2,5273,0
2023-08-18,somnath,4,8,0,0,,cloudy,31.3,7219,0
2023-08-18,dwarka,4,8,0,0,,cloudy,31.3,7041,0
2023-08-18,ambaji,4,8,0,0,,cloudy,31.3,5505,0
2023-08-18,pavagadh,4,8,0,0,,cloudy,31.3,5511,0
2023-08-19,somnath,5,8,1,0,,rainy,27.8,8738,0
2023-08-19,dwarka,5,8,1,0,,rainy,27.8,7755,0
2023-08-19,ambaji,5,8,1,0,,rainy,27.8,5976,0
2023-08-19,pavagadh,5,8,1,0,,rainy,27.8,5386,0
2023-08-20,somnath,6,8,1,0,,cloudy,26.7,14535,0
2023-08-20,dwarka,6,8,1,0,,cloudy,26.7,13244,0
2023-08-20,ambaji,6,8,1,0,,cloudy,26.7,10423,0
2023-08-20,pavagadh,6,8,1,0,,cloudy,26.7,9556,0
2023-08-21,somnath,0,8,0,0,,rainy,32.0,3607,0
2023-08-21,dwarka,0,8,0,0,,rainy,32.0,3998,0
2023-08-21,ambaji,0,8,0,0,,rainy,32.0,3940,0
2023-08-21,pavagadh,0,8,0,0,,rainy,32.0,2433,0
2023-08-22,somnath,1,8,0,0,,rainy,31.4,4065,0
2023-08-22,dwarka,1,8,0,0,,rainy,31.4,4429,0
2023-08-22,ambaji,1,8,0,0,,rainy,31.4,3316,0
2023-08-22,pavagadh,1,8,0,0,,rainy,31.4,2795,0
2023-08-23,somnath,2,8,0,0,,sunny,31.5,7424,0
2023-08-23,dwarka,2,8,0,0,,sunny,31.5,8054,0
2023-08-23,ambaji,2,8,0,0,,sunny,31.5,6418,0
2023-08-23,pavagadh,2,8,0,0,,sunny,31.5,4875,0
2023-08-24,somnath,3,8,0,0,,cloudy,28.3,8946,0
2023-08-24,dwarka,3,8,0,0,,cloudy,28.3,6484,0
2023-08-24,ambaji,3,8,0,0,,cloudy,28.3,5427,0
2023-08-24,pavagadh,3,8,0,0,,cloudy,28.3,5478,0
2023-08-25,somnath,4,8,0,0,,rainy,26.4,4989,0
2023-08-25,dwarka,4,8,0,0,,rainy,26.4,4077,0
2023-08-25,ambaji,4,8,0,0,,rainy,26.4,2945,0
2023-08-25,pavagadh,4,8,0,0,,rainy,26.4,2952,0
2023-08-26,somnath,5,8,1,0,,rainy,33.7,8564,0
2023-08-26,dwarka,5,8,1,0,,rainy,33.7,7544,0
2023-08-26,ambaji,5,8,1,0,,rainy,33.7,7144,0
2023-08-26,pavagadh,5,8,1,0,,rainy,33.7,5641,0
2023-08-27,somnath,6,8,1,0,,cloudy,32.9,13950,0
2023-08-27,dwarka,6,8,1,0,,cloudy,32.9,12803,0
2023-08-27,ambaji,6,8,1,0,,cloudy,32.9,9574,0
2023-08-27,pavagadh,6,8,1,0,,cloudy,32.9,8753,0
2023-08-28,somnath,0,8,0,0,,sunny,32.2,7139,0
2023-08-28,dwarka,0,8,0,0,,sunny,32.2,6009,0
2023-08-28,ambaji,0,8,0,0,,sunny,32.2,5995,0
2023-08-28,pavagadh,0,8,0,0,,sunny,32.2,4783,0
2023-08-29,somnath,1,8,0,0,,cloudy,28.7,8171,0
2023-08-29,dwarka,1,8,0,0,,cloudy,28.7,7092,0
2023-08-29,ambaji,1,8,0,0,,cloudy,28.7,6158,0
2023-08-29,pavagadh,1,8,0,0,,cloudy,28.7,4539,0
2023-08-30,somnath,2,8,0,0,,cloudy,27.8,7968,0
2023-08-30,dwarka,2,8,0,0,,cloudy,27.8,7520,0
2023-08-30,ambaji,2,8,0,0,,cloudy,27.8,5672,0
2023-08-30,pavagadh,2,8,0,0,,cloudy,27.8,4708,0
2023-08-31,somnath,3,8,0,0,,rainy,31.4,4297,0
2023-08-31,dwarka,3,8,0,0,,rainy,31.4,4102,0
2023-08-31,ambaji,3,8,0,0,,rainy,31.4,3266,0
2023-08-31,pavagadh,3,8,0,0,,rainy,31.4,2744,0
2023-09-01,somnath,4,9,0,0,,cloudy,31.6,9236,0
2023-09-01,dwarka,4,9,0,0,,cloudy,31.6,7531,0
2023-09-01,ambaji,4,9,0,0,,cloudy,31.6,6622,0
2023-09-01,pavagadh,4,9,0,0,,cloudy,31.6,5408,0
2023-09-02,somnath,5,9,1,0,,rainy,26.7,8707,0
2023-09-02,dwarka,5,9,1,0,,rainy,26.7,6954,0
2023-09-02,ambaji,5,9,1,0,,rainy,26.7,5915,0
2023-09-02,pavagadh,5,9,1,0,,rainy,26.7,5765,0
2023-09-03,somnath,6,9,1,0,,cloudy,30.3,15104,1
2023-09-03,dwarka,6,9,1,0,,cloudy,30.3,13311,0
2023-09-03,ambaji,6,9,1,0,,cloudy,30.3,11099,0
2023-09-03,pavagadh,6,9,1,0,,cloudy,30.3,8190,0
2023-09-04,somnath,0,9,0,0,,sunny,27.2,7413,0
2023-09-04,dwarka,0,9,0,0,,sunny,27.2,5956,0
2023-09-04,ambaji,0,9,0,0,,sunny,27.2,6203,0
2023-09-04,pavagadh,0,9,0,0,,sunny,27.2,4418,0
2023-09-05,somnath,1,9,0,0,,rainy,33.6,4368,0
2023-09-05,dwarka,1,9,0,0,,rainy,33.6,4068,0
2023-09-05,ambaji,1,9,0,0,,rainy,33.6,3619,0
2023-09-05,pavagadh,1,9,0,0,,rainy,33.6,3016,0
2023-09-06,somnath,2,9,0,0,,cloudy,30.3,8483,0
2023-09-06,dwarka,2,9,0,0,,cloudy,30.3,6854,0
2023-09-06,ambaji,2,9,0,0,,cloudy,30.3,5990,0
2023-09-06,pavagadh,2,9,0,0,,cloudy,30.3,4189,0
2023-09-07,somnath,3,9,0,1,Janmashtami,rainy,29.3,16725,1
2023-09-07,dwarka,3,9,0,1,Janmashtami,rainy,29.3,19758,1
2023-09-07,ambaji,3,9,0,1,Janmashtami,rainy,29.3,14030,0
2023-09-07,pavagadh,3,9,0,1,Janmashtami,rainy,29.3,11907,0
2023-09-08,somnath,4,9,0,1,Janmashtami,sunny,32.8,34082,1
2023-09-08,dwarka,4,9,0,1,Janmashtami,sunny,32.8,35242,1
2023-09-08,ambaji,4,9,0,1,Janmashtami,sunny,32.8,20358,1
2023-09-08,pavagadh,4,9,0,1,Janmashtami,sunny,32.8,18889,1
2023-09-09,somnath,5,9,1,0,,cloudy,28.6,15492,1
2023-09-09,dwarka,5,9,1,0,,cloudy,28.6,13595,0
2023-09-09,ambaji,5,9,1,0,,cloudy,28.6,11711,0
2023-09-09,pavagadh,5,9,1,0,,cloudy,28.6,9552,0
2023-09-10,somnath,6,9,1,0,,sunny,28.5,12976,0
2023-09-10,dwarka,6,9,1,0,,sunny,28.5,12999,0
2023-09-10,ambaji,6,9,1,0,,sunny,28.5,10432,0
2023-09-10,pavagadh,6,9,1,0,,sunny,28.5,9840,0
2023-09-11,somnath,0,9,0,0,,cloudy,28.9,7743,0
2023-09-11,dwarka,0,9,0,0,,cloudy,28.9,7508,0
2023-09-11,ambaji,0,9,0,0,,cloudy,28.9,6338,0
2023-09-11,pavagadh,0,9,0,0,,cloudy,28.9,5009,0
2023-09-12,somnath,1,9,0,0,,rainy,31.9,4165,0
2023-09-12,dwarka,1,9,0,0,,rainy,31.9,4436,0
2023-09-12,ambaji,1,9,0,0,,rainy,31.9,3892,0
2023-09-12,pavagadh,1,9,0,0,,rainy,31.9,3273,0
2023-09-13,somnath,2,9,0,0,,sunny,29.7,7677,0
2023-09-13,dwarka,2,9,0,0,,sunny,29.7,7348,0
2023-09-13,ambaji,2,9,0,0,,sunny,29.7,5735,0
2023-09-13,pavagadh,2,9,0,0,,sunny,29.7,4926,0
2023-09-14,somnath,3,9,0,0,,cloudy,32.7,8208,0
2023-09-14,dwarka,3,9,0,0,,cloudy,32.7,6776,0
2023-09-14,ambaji,3,9,0,0,,cloudy,32.7,5659,0
2023-09-14,pavagadh,3,9,0,0,,cloudy,32.7,4930,0
2023-09-15,somnath,4,9,0,0,,sunny,26.6,8104,0
2023-09-15,dwarka,4,9,0,0,,sunny,26.6,7046,0
2023-09-15,ambaji,4,9,0,0,,sunny,26.6,5887,0
2023-09-15,pavagadh,4,9,0,0,,sunny,26.6,4996,0
2023-09-16,somnath,5,9,1,0,,cloudy,29.2,12416,0
2023-09-16,dwarka,5,9,1,0,,cloudy,29.2,11498,0
2023-09-16,ambaji,5,9,1,0,,cloudy,29.2,9838,0
2023-09-16,pavagadh,5,9,1,0,,cloudy,29.2,8731,0
2023-09-17,somnath,6,9,1,0,,sunny,29.8,14563,0
2023-09-17,dwarka,6,9,1,0,,sunny,29.8,11709,0
2023-09-17,ambaji,6,9,1,0,,sunny,29.8,11033,0
2023-09-17,pavagadh,6,9,1,0,,sunny,29.8,10145,0
2023-09-18,somnath,0,9,0,0,,cloudy,28.3,7300,0
2023-09-18,dwarka,0,9,0,0,,cloudy,28.3,7138,0
2023-09-18,ambaji,0,9,0,0,,cloudy,28.3,5576,0
2023-09-18,pavagadh,0,9,0,0,,cloudy,28.3,5268,0
2023-09-19,somnath,1,9,0,0,,cloudy,32.8,8288,0
2023-09-19,dwarka,1,9,0,0,,cloudy,32.8,6321,0
2023-09-19,ambaji,1,9,0,0,,cloudy,32.8,6273,0
2023-09-19,pavagadh,1,9,0,0,,cloudy,32.8,5389,0
2023-09-20,somnath,2,9,0,0,,rainy,27.4,5301,0
2023-09-20,dwarka,2,9,0,0,,rainy,27.4,4054,0
2023-09-20,ambaji,2,9,0,0,,rainy,27.4,4032,0
2023-09-20,pavagadh,2,9,0,0,,rainy,27.4,2926,0
2023-09-21,somnath,3,9,0,0,,cloudy,28.9,8135,0
2023-09-21,dwarka,3,9,0,0,,cloudy,28.9,7596,0
2023-09-21,ambaji,3,9,0,0,,cloudy,28.9,6399,0
2023-09-21,pavagadh,3,9,0,0,,cloudy,28.9,5139,0
2023-09-22,somnath,4,9,0,0,,rainy,27.7,5085,0
2023-09-22,dwarka,4,9,0,0,,rainy,27.7,4037,0
2023-09-22,ambaji,4,9,0,0,,rainy,27.7,3308,0
2023-09-22,pavagadh,4,9,0,0,,rainy,27.7,3047,0
2023-09-23,somnath,5,9,1,0,,rainy,33.8,8186,0
2023-09-23,dwarka,5,9,1,0,,rainy,33.8,8350,0
2023-09-23,ambaji,5,9,1,0,,rainy,33.8,5574,0
2023-09-23,pavagadh,5,9,1,0,,rainy,33.8,5298,0
2023-09-24,somnath,6,9,1,0,,sunny,28.1,13758,0
2023-09-24,dwarka,6,9,1,0,,sunny,28.1,12439,0
2023-09-24,ambaji,6,9,1,0,,sunny,28.1,10361,0
2023-09-24,pavagadh,6,9,1,0,,sunny,28.1,8471,0
2023-09-25,somnath,0,9,0,0,,cloudy,32.7,7420,0
2023-09-25,dwarka,0,9,0,0,,cloudy,32.7,6947,0
2023-09-25,ambaji,0,9,0,0,,cloudy,32.7,6453,0
2023-09-25,pavagadh,0,9,0,0,,cloudy,32.7,4751,0
2023-09-26,somnath,1,9,0,0,,rainy,32.9,4388,0
2023-09-26,dwarka,1,9,0,0,,rainy,32.9,4230,0
2023-09-26,ambaji,1,9,0,0,,rainy,32.9,3347,0
2023-09-26,pavagadh,1,9,0,0,,rainy,32.9,2838,0
2023-09-27,somnath,2,9,0,0,,rainy,27.3,5258,0
2023-09-27,dwarka,2,9,0,0,,rainy,27.3,4411,0
2023-09-27,ambaji,2,9,0,0,,rainy,27.3,3642,0
2023-09-27,pavagadh,2,9,0,0,,rainy,27.3,3141,0
2023-09-28,somnath,3,9,0,0,,rainy,31.7,4992,0
2023-09-28,dwarka,3,9,0,0,,rainy,31.7,4354,0
2023-09-28,ambaji,3,9,0,0,,rainy,31.7,3762,0
2023-09-28,pavagadh,3,9,0,0,,rainy,31.7,2667,0
2023-09-29,somnath,4,9,0,0,,cloudy,29.8,8087,0
2023-09-29,dwarka,4,9,0,0,,cloudy,29.8,7302,0
2023-09-29,ambaji,4,9,0,0,,cloudy,29.8,6048,0
2023-09-29,pavagadh,4,9,0,0,,cloudy,29.8,4931,0
2023-09-30,somnath,5,9,1,0,,rainy,30.6,9124,0
2023-09-30,dwarka,5,9,1,0,,rainy,30.6,8238,0
2023-09-30,ambaji,5,9,1,0,,rainy,30.6,7094,0
2023-09-30,pavagadh,5,9,1,0,,rainy,30.6,5529,0
2023-10-01,somnath,6,10,1,0,,sunny,27.6,15558,1
2023-10-01,dwarka,6,10,1,0,,sunny,27.6,14755,0
2023-10-01,ambaji,6,10,1,0,,sunny,27.6,9954,0
2023-10-01,pavagadh,6,10,1,0,,sunny,27.6,8492,0
2023-10-02,somnath,0,10,0,0,,sunny,32.2,7742,0
2023-10-02,dwarka,0,10,0,0,,sunny,32.2,6636,0
2023-10-02,ambaji,0,10,0,0,,sunny,32.2,6422,0
2023-10-02,pavagadh,0,10,0,0,,sunny,32.2,5210,0
2023-10-03,somnath,1,10,0,0,,cloudy,33.7,8541,0
2023-10-03,dwarka,1,10,0,0,,cloudy,33.7,7868,0
2023-10-03,ambaji,1,10,0,0,,cloudy,33.7,5355,0
2023-10-03,pavagadh,1,10,0,0,,cloudy,33.7,4605,0
2023-10-04,somnath,2,10,0,0,,cloudy,26.8,7747,0
2023-10-04,dwarka,2,10,0,0,,cloudy,26.8,6653,0
2023-10-04,ambaji,2,10,0,0,,cloudy,26.8,5933,0
2023-10-04,pavagadh,2,10,0,0,,cloudy,26.8,4661,0
2023-10-05,somnath,3,10,0,0,,sunny,30.9,8075,0
2023-10-05,dwarka,3,10,0,0,,sunny,30.9,7514,0
2023-10-05,ambaji,3,10,0,0,,sunny,30.9,6235,0
2023-10-05,pavagadh,3,10,0,0,,sunny,30.9,5159,0
2023-10-06,somnath,4,10,0,0,,cloudy,30.0,7701,0
2023-10-06,dwarka,4,10,0,0,,cloudy,30.0,7144,0
2023-10-06,ambaji,4,10,0,0,,cloudy,30.0,6421,0
2023-10-06,pavagadh,4,10,0,0,,cloudy,30.0,5242,0
2023-10-07,somnath,5,10,1,0,,sunny,25.4,14670,0
2023-10-07,dwarka,5,10,1,0,,sunny,25.4,11507,0
2023-10-07,ambaji,5,10,1,0,,sunny,25.4,11487,0
2023-10-07,pavagadh,5,10,1,0,,sunny,25.4,9521,0
2023-10-08,somnath,6,10,1,0,,sunny,31.0,15478,1
2023-10-08,dwarka,6,10,1,0,,sunny,31.0,10820,0
2023-10-08,ambaji,6,10,1,0,,sunny,31.0,10982,0
2023-10-08,pavagadh,6,10,1,0,,sunny,31.0,8035,0
2023-10-09,somnath,0,10,0,0,,sunny,28.7,8710,0
2023-10-09,dwarka,0,10,0,0,,sunny,28.7,7174,0
2023-10-09,ambaji,0,10,0,0,,sunny,28.7,6104,0
2023-10-09,pavagadh,0,10,0,0,,sunny,28.7,5670,0
2023-10-10,somnath,1,10,0,0,,cloudy,28.8,7164,0
2023-10-10,dwarka,1,10,0,0,,cloudy,28.8,6542,0
2023-10-10,ambaji,1,10,0,0,,cloudy,28.8,6050,0
2023-10-10,pavagadh,1,10,0,0,,cloudy,28.8,4422,0
2023-10-11,somnath,2,10,0,0,,sunny,26.3,7568,0
2023-10-11,dwarka,2,10,0,0,,sunny,26.3,7055,0
2023-10-11,ambaji,2,10,0,0,,sunny,26.3,6232,0
2023-10-11,pavagadh,2,10,0,0,,sunny,26.3,4763,0
2023-10-12,somnath,3,10,0,0,,cloudy,29.1,8353,0
2023-10-12,dwarka,3,10,0,0,,cloudy,29.1,7765,0
2023-10-12,ambaji,3,10,0,0,,cloudy,29.1,6145,0
2023-10-12,pavagadh,3,10,0,0,,cloudy,29.1,4522,0
2023-10-13,somnath,4,10,0,0,,sunny,25.1,7483,0
2023-10-13,dwarka,4,10,0,0,,sunny,25.1,6339,0
2023-10-13,ambaji,4,10,0,0,,sunny,25.1,5828,0
2023-10-13,pavagadh,4,10,0,0,,sunny,25.1,5326,0
2023-10-14,somnath,5,10,1,0,,sunny,31.5,14352,0
2023-10-14,dwarka,5,10,1,0,,sunny,31.5,14457,0
2023-10-14,ambaji,5,10,1,0,,sunny,31.5,10115,0
2023-10-14,pavagadh,5,10,1,0,,sunny,31.5,9298,0
2023-10-15,somnath,6,10,1,1,Navratri Day 1,sunny,31.8,48003,1
2023-10-15,dwarka,6,10,1,1,Navratri Day 1,sunny,31.8,46866,1
2023-10-15,ambaji,6,10,1,1,Navratri Day 1,sunny,31.8,56757,1
2023-10-15,pavagadh,6,10,1,1,Navratri Day 1,sunny,31.8,39361,1
2023-10-16,somnath,0,10,0,1,Navratri Day 2,sunny,32.1,31902,1
2023-10-16,dwarka,0,10,0,1,Navratri Day 2,sunny,32.1,23953,1
2023-10-16,ambaji,0,10,0,1,Navratri Day 2,sunny,32.1,33545,1
2023-10-16,pavagadh,0,10,0,1,Navratri Day 2,sunny,32.1,20694,1
2023-10-17,somnath,1,10,0,1,Navratri Day 3,sunny,28.4,27315,1
2023-10-17,dwarka,1,10,0,1,Navratri Day 3,sunny,28.4,19668,1
2023-10-17,ambaji,1,10,0,1,Navratri Day 3,sunny,28.4,39948,1
2023-10-17,pavagadh,1,10,0,1,Navratri Day 3,sunny,28.4,21113,1
2023-10-18,somnath,2,10,0,1,Navratri Day 4,cloudy,29.4,24645,1
2023-10-18,dwarka,2,10,0,1,Navratri Day 4,cloudy,29.4,21906,1
2023-10-18,ambaji,2,10,0,1,Navratri Day 4,cloudy,29.4,36905,1
2023-10-18,pavagadh,2,10,0,1,Navratri Day 4,cloudy,29.4,23666,1
2023-10-19,somnath,3,10,0,1,Navratri Day 5,cloudy,31.0,33012,1
2023-10-19,dwarka,3,10,0,1,Navratri Day 5,cloudy,31.0,21738,1
2023-10-19,ambaji,3,10,0,1,Navratri Day 5,cloudy,31.0,29437,1
2023-10-19,pavagadh,3,10,0,1,Navratri Day 5,cloudy,31.0,19646,1
2023-10-20,somnath,4,10,0,1,Navratri Day 6,sunny,31.0,28274,1
2023-10-20,dwarka,4,10,0,1,Navratri Day 6,sunny,31.0,22217,1
2023-10-20,ambaji,4,10,0,1,Navratri Day 6,sunny,31.0,33565,1
2023-10-20,pavagadh,4,10,0,1,Navratri Day 6,sunny,31.0,27478,1
2023-10-21,somnath,5,10,1,1,Navratri Day 7,cloudy,28.5,45094,1
2023-10-21,dwarka,5,10,1,1,Navratri Day 7,cloudy,28.5,44889,1
2023-10-21,ambaji,5,10,1,1,Navratri Day 7,cloudy,28.5,57965,1
2023-10-21,pavagadh,5,10,1,1,Navratri Day 7,cloudy,28.5,48757,1
2023-10-22,somnath,6,10,1,1,Navratri Day 8,cloudy,28.5,56102,1
2023-10-22,dwarka,6,10,1,1,Navratri Day 8,cloudy,28.5,44316,1
2023-10-22,ambaji,6,10,1,1,Navratri Day 8,cloudy,28.5,65470,1
2023-10-22,pavagadh,6,10,1,1,Navratri Day 8,cloudy,28.5,40398,1
2023-10-23,somnath,0,10,0,1,Navratri Day 9 (Maha Navami),sunny,25.7,29721,1
2023-10-23,dwarka,0,10,0,1,Navratri Day 9 (Maha Navami),sunny,25.7,26473,1
2023-10-23,ambaji,0,10,0,1,Navratri Day 9 (Maha Navami),sunny,25.7,39321,1
2023-10-23,pavagadh,0,10,0,1,Navratri Day 9 (Maha Navami),sunny,25.7,22926,1
2023-10-24,somnath,1,10,0,1,Dussehra,cloudy,30.6,30430,1
2023-10-24,dwarka,1,10,0,1,Dussehra,cloudy,30.6,19587,1
2023-10-24,ambaji,1,10,0,1,Dussehra,cloudy,30.6,20451,1
2023-10-24,pavagadh,1,10,0,1,Dussehra,cloudy,30.6,15439,1
2023-10-25,somnath,2,10,0,0,,sunny,31.3,8901,0
2023-10-25,dwarka,2,10,0,0,,sunny,31.3,6971,0
2023-10-25,ambaji,2,10,0,0,,sunny,31.3,6049,0
2023-10-25,pavagadh,2,10,0,0,,sunny,31.3,5324,0
2023-10-26,somnath,3,10,0,0,,cloudy,30.2,9132,0
2023-10-26,dwarka,3,10,0,0,,cloudy,30.2,7061,0
2023-10-26,ambaji,3,10,0,0,,cloudy,30.2,6002,0
2023-10-26,pavagadh,3,10,0,0,,cloudy,30.2,5166,0
2023-10-27,somnath,4,10,0,0,,sunny,33.2,9233,0
2023-10-27,dwarka,4,10,0,0,,sunny,33.2,7559,0
2023-10-27,ambaji,4,10,0,0,,sunny,33.2,5584,0
2023-10-27,pavagadh,4,10,0,0,,sunny,33.2,5051,0
2023-10-28,somnath,5,10,1,0,,cloudy,27.7,15948,1
2023-10-28,dwarka,5,10,1,0,,cloudy,27.7,12133,0
2023-10-28,ambaji,5,10,1,0,,cloudy,27.7,11604,0
2023-10-28,pavagadh,5,10,1,0,,cloudy,27.7,8574,0
2023-10-29,somnath,6,10,1,0,,sunny,32.4,14912,0
2023-10-29,dwarka,6,10,1,0,,sunny,32.4,12139,0
2023-10-29,ambaji,6,10,1,0,,sunny,32.4,10980,0
2023-10-29,pavagadh,6,10,1,0,,sunny,32.4,9489,0
2023-10-30,somnath,0,10,0,0,,sunny,26.6,9057,0
2023-10-30,dwarka,0,10,0,0,,sunny,26.6,7733,0
2023-10-30,ambaji,0,10,0,0,,sunny,26.6,5702,0
2023-10-30,pavagadh,0,10,0,0,,sunny,26.6,4506,0
2023-10-31,somnath,1,10,0,0,,sunny,32.6,7830,0
2023-10-31,dwarka,1,10,0,0,,sunny,32.6,6960,0
2023-10-31,ambaji,1,10,0,0,,sunny,32.6,5377,0
2023-10-31,pavagadh,1,10,0,0,,sunny,32.6,5058,0
2023-11-01,somnath,2,11,0,0,,sunny,27.8,8965,0
2023-11-01,dwarka,2,11,0,0,,sunny,27.8,6362,0
2023-11-01,ambaji,2,11,0,0,,sunny,27.8,4704,0
2023-11-01,pavagadh,2,11,0,0,,sunny,27.8,5062,0
2023-11-02,somnath,3,11,0,0,,cloudy,16.5,8137,0
2023-11-02,dwarka,3,11,0,0,,cloudy,16.5,7678,0
2023-11-02,ambaji,3,11,0,0,,cloudy,16.5,6760,0
2023-11-02,pavagadh,3,11,0,0,,cloudy,16.5,5224,0
2023-11-03,somnath,4,11,0,0,,sunny,20.7,7400,0
2023-11-03,dwarka,4,11,0,0,,sunny,20.7,6992,0
2023-11-03,ambaji,4,11,0,0,,sunny,20.7,5891,0
2023-11-03,pavagadh,4,11,0,0,,sunny,20.7,4786,0
2023-11-04,somnath,5,11,1,0,,cloudy,23.2,12801,0
2023-11-04,dwarka,5,11,1,0,,cloudy,23.2,12959,0
2023-11-04,ambaji,5,11,1,0,,cloudy,23.2,11356,0
2023-11-04,pavagadh,5,11,1,0,,cloudy,23.2,9034,0
2023-11-05,somnath,6,11,1,0,,sunny,17.2,13764,0
2023-11-05,dwarka,6,11,1,0,,sunny,17.2,12123,0
2023-11-05,ambaji,6,11,1,0,,sunny,17.2,10232,0
2023-11-05,pavagadh,6,11,1,0,,sunny,17.2,8851,0
2023-11-06,somnath,0,11,0,0,,sunny,21.8,7531,0
2023-11-06,dwarka,0,11,0,0,,sunny,21.8,7460,0
2023-11-06,ambaji,0,11,0,0,,sunny,21.8,6172,0
2023-11-06,pavagadh,0,11,0,0,,sunny,21.8,5565,0
2023-11-07,somnath,1,11,0,0,,sunny,25.7,7930,0
2023-11-07,dwarka,1,11,0,0,,sunny,25.7,7325,0
2023-11-07,ambaji,1,11,0,0,,sunny,25.7,6400,0
2023-11-07,pavagadh,1,11,0,0,,sunny,25.7,5360,0
2023-11-08,somnath,2,11,0,0,,sunny,13.6,7945,0
2023-11-08,dwarka,2,11,0,0,,sunny,13.6,7382,0
2023-11-08,ambaji,2,11,0,0,,sunny,13.6,5599,0
2023-11-08,pavagadh,2,11,0,0,,sunny,13.6,5152,0
2023-11-09,somnath,3,11,0,0,,sunny,27.3,8641,0
2023-11-09,dwarka,3,11,0,0,,sunny,27.3,7767,0
2023-11-09,ambaji,3,11,0,0,,sunny,27.3,6236,0
2023-11-09,pavagadh,3,11,0,0,,sunny,27.3,5395,0
2023-11-10,somnath,4,11,0,1,Dhanteras,cloudy,25.6,27455,1
2023-11-10,dwarka,4,11,0,1,Dhanteras,cloudy,25.6,20113,1
2023-11-10,ambaji,4,11,0,1,Dhanteras,cloudy,25.6,19901,1
2023-11-10,pavagadh,4,11,0,1,Dhanteras,cloudy,25.6,17876,1
2023-11-11,somnath,5,11,1,1,Narak Chaturdashi,sunny,25.0,47250,1
2023-11-11,dwarka,5,11,1,1,Narak Chaturdashi,sunny,25.0,39507,1
2023-11-11,ambaji,5,11,1,1,Narak Chaturdashi,sunny,25.0,30437,1
2023-11-11,pavagadh,5,11,1,1,Narak Chaturdashi,sunny,25.0,27433,1
2023-11-12,somnath,6,11,1,1,Diwali,sunny,13.9,65948,1
2023-11-12,dwarka,6,11,1,1,Diwali,sunny,13.9,50767,1
2023-11-12,ambaji,6,11,1,1,Diwali,sunny,13.9,47482,1
2023-11-12,pavagadh,6,11,1,1,Diwali,sunny,13.9,38727,1
2023-11-13,somnath,0,11,0,1,Govardhan Puja,sunny,19.8,31581,1
2023-11-13,dwarka,0,11,0,1,Govardhan Puja,sunny,19.8,21925,1
2023-11-13,ambaji,0,11,0,1,Govardhan Puja,sunny,19.8,22398,1
2023-11-13,pavagadh,0,11,0,1,Govardhan Puja,sunny,19.8,19721,1
2023-11-14,somnath,1,11,0,1,Bhai Dooj,sunny,22.1,29053,1
2023-11-14,dwarka,1,11,0,1,Bhai Dooj,sunny,22.1,21615,1
2023-11-14,ambaji,1,11,0,1,Bhai Dooj,sunny,22.1,18877,1
2023-11-14,pavagadh,1,11,0,1,Bhai Dooj,sunny,22.1,17266,1
2023-11-15,somnath,2,11,0,0,,sunny,16.3,6875,0
2023-11-15,dwarka,2,11,0,0,,sunny,16.3,7355,0
2023-11-15,ambaji,2,11,0,0,,sunny,16.3,5609,0
2023-11-15,pavagadh,2,11,0,0,,sunny,16.3,5378,0
2023-11-16,somnath,3,11,0,0,,cloudy,18.6,8052,0
2023-11-16,dwarka,3,11,0,0,,cloudy,18.6,7104,0
2023-11-16,ambaji,3,11,0,0,,cloudy,18.6,5908,0
2023-11-16,pavagadh,3,11,0,0,,cloudy,18.6,4453,0
2023-11-17,somnath,4,11,0,0,,cloudy,23.2,8318,0
2023-11-17,dwarka,4,11,0,0,,cloudy,23.2,7153,0
2023-11-17,ambaji,4,11,0,0,,cloudy,23.2,6130,0
2023-11-17,pavagadh,4,11,0,0,,cloudy,23.2,5082,0
2023-11-18,somnath,5,11,1,0,,cloudy,20.8,15471,1
2023-11-18,dwarka,5,11,1,0,,cloudy,20.8,12757,0
2023-11-18,ambaji,5,11,1,0,,cloudy,20.8,10832,0
2023-11-18,pavagadh,5,11,1,0,,cloudy,20.8,8720,0
2023-11-19,somnath,6,11,1,0,,sunny,14.5,13134,0
2023-11-19,dwarka,6,11,1,0,,sunny,14.5,10974,0
2023-11-19,ambaji,6,11,1,0,,sunny,14.5,10577,0
2023-11-19,pavagadh,6,11,1,0,,sunny,14.5,9474,0
2023-11-20,somnath,0,11,0,0,,sunny,22.0,8778,0
2023-11-20,dwarka,0,11,0,0,,sunny,22.0,7736,0
2023-11-20,ambaji,0,11,0,0,,sunny,22.0,6654,0
2023-11-20,pavagadh,0,11,0,0,,sunny,22.0,5099,0
2023-11-21,somnath,1,11,0,0,,cloudy,17.2,6389,0
2023-11-21,dwarka,1,11,0,0,,cloudy,17.2,7213,0
2023-11-21,ambaji,1,11,0,0,,cloudy,17.2,5653,0
2023-11-21,pavagadh,1,11,0,0,,cloudy,17.2,4925,0
2023-11-22,somnath,2,11,0,0,,sunny,27.5,7879,0
2023-11-22,dwarka,2,11,0,0,,sunny,27.5,6690,0
2023-11-22,ambaji,2,11,0,0,,sunny,27.5,5480,0
2023-11-22,pavagadh,2,11,0,0,,sunny,27.5,4695,0
2023-11-23,somnath,3,11,0,0,,sunny,21.0,7152,0
2023-11-23,dwarka,3,11,0,0,,sunny,21.0,6890,0
2023-11-23,ambaji,3,11,0,0,,sunny,21.0,5848,0
2023-11-23,pavagadh,3,11,0,0,,sunny,21.0,5322,0
2023-11-24,somnath,4,11,0,0,,sunny,24.9,7465,0
2023-11-24,dwarka,4,11,0,0,,sunny,24.9,7179,0
2023-11-24,ambaji,4,11,0,0,,sunny,24.9,5976,0
2023-11-24,pavagadh,4,11,0,0,,sunny,24.9,5318,0
2023-11-25,somnath,5,11,1,0,,sunny,25.0,14972,0
2023-11-25,dwarka,5,11,1,0,,sunny,25.0,11892,0
2023-11-25,ambaji,5,11,1,0,,sunny,25.0,10697,0
2023-11-25,pavagadh,5,11,1,0,,sunny,25.0,9017,0
2023-11-26,somnath,6,11,1,0,,cloudy,27.2,14255,0
2023-11-26,dwarka,6,11,1,0,,cloudy,27.2,12618,0
2023-11-26,ambaji,6,11,1,0,,cloudy,27.2,10189,0
2023-11-26,pavagadh,6,11,1,0,,cloudy,27.2,9238,0
2023-11-27,somnath,0,11,0,0,,sunny,12.1,7567,0
2023-11-27,dwarka,0,11,0,0,,sunny,12.1,7386,0
2023-11-27,ambaji,0,11,0,0,,sunny,12.1,5581,0
2023-11-27,pavagadh,0,11,0,0,,sunny,12.1,4860,0
2023-11-28,somnath,1,11,0,0,,sunny,23.8,7550,0
2023-11-28,dwarka,1,11,0,0,,sunny,23.8,7327,0
2023-11-28,ambaji,1,11,0,0,,sunny,23.8,5962,0
2023-11-28,pavagadh,1,11,0,0,,sunny,23.8,5391,0
2023-11-29,somnath,2,11,0,0,,sunny,24.2,8920,0
2023-11-29,dwarka,2,11,0,0,,sunny,24.2,6489,0
2023-11-29,ambaji,2,11,0,0,,sunny,24.2,5853,0
2023-11-29,pavagadh,2,11,0,0,,sunny,24.2,4719,0
2023-11-30,somnath,3,11,0,0,,sunny,24.9,6996,0
2023-11-30,dwarka,3,11,0,0,,sunny,24.9,7535,0
2023-11-30,ambaji,3,11,0,0,,sunny,24.9,6153,0
2023-11-30,pavagadh,3,11,0,0,,sunny,24.9,5283,0
2023-12-01,somnath,4,12,0,0,,sunny,21.9,7884,0
2023-12-01,dwarka,4,12,0,0,,sunny,21.9,7726,0
2023-12-01,ambaji,4,12,0,0,,sunny,21.9,6034,0
2023-12-01,pavagadh,4,12,0,0,,sunny,21.9,5069,0
2023-12-02,somnath,5,12,1,0,,sunny,20.6,14597,0
2023-12-02,dwarka,5,12,1,0,,sunny,20.6,13004,0
2023-12-02,ambaji,5,12,1,0,,sunny,20.6,10646,0
2023-12-02,pavagadh,5,12,1,0,,sunny,20.6,10062,0
2023-12-03,somnath,6,12,1,0,,sunny,15.7,15136,1
2023-12-03,dwarka,6,12,1,0,,sunny,15.7,13495,0
2023-12-03,ambaji,6,12,1,0,,sunny,15.7,10418,0
2023-12-03,pavagadh,6,12,1,0,,sunny,15.7,9489,0
2023-12-04,somnath,0,12,0,0,,cloudy,28.0,6965,0
2023-12-04,dwarka,0,12,0,0,,cloudy,28.0,7210,0
2023-12-04,ambaji,0,12,0,0,,cloudy,28.0,5581,0
2023-12-04,pavagadh,0,12,0,0,,cloudy,28.0,5632,0
2023-12-05,somnath,1,12,0,0,,cloudy,12.9,8037,0
2023-12-05,dwarka,1,12,0,0,,cloudy,12.9,6801,0
2023-12-05,ambaji,1,12,0,0,,cloudy,12.9,5711,0
2023-12-05,pavagadh,1,12,0,0,,cloudy,12.9,5046,0
2023-12-06,somnath,2,12,0,0,,cloudy,25.1,8144,0
2023-12-06,dwarka,2,12,0,0,,cloudy,25.1,6764,0
2023-12-06,ambaji,2,12,0,0,,cloudy,25.1,6039,0
2023-12-06,pavagadh,2,12,0,0,,cloudy,25.1,4718,0
2023-12-07,somnath,3,12,0,0,,cloudy,19.1,7988,0
2023-12-07,dwarka,3,12,0,0,,cloudy,19.1,6863,0
2023-12-07,ambaji,3,12,0,0,,cloudy,19.1,5251,0
2023-12-07,pavagadh,3,12,0,0,,cloudy,19.1,5157,0
2023-12-08,somnath,4,12,0,0,,sunny,27.7,7106,0
2023-12-08,dwarka,4,12,0,0,,sunny,27.7,7135,0
2023-12-08,ambaji,4,12,0,0,,sunny,27.7,5849,0
2023-12-08,pavagadh,4,12,0,0,,sunny,27.7,5306,0
2023-12-09,somnath,5,12,1,0,,sunny,12.7,15610,1
2023-12-09,dwarka,5,12,1,0,,sunny,12.7,12161,0
2023-12-09,ambaji,5,12,1,0,,sunny,12.7,10776,0
2023-12-09,pavagadh,5,12,1,0,,sunny,12.7,9963,0
2023-12-10,somnath,6,12,1,0,,sunny,26.2,14896,0
2023-12-10,dwarka,6,12,1,0,,sunny,26.2,12099,0
2023-12-10,ambaji,6,12,1,0,,sunny,26.2,11670,0
2023-12-10,pavagadh,6,12,1,0,,sunny,26.2,9623,0
2023-12-11,somnath,0,12,0,0,,sunny,14.7,7951,0
2023-12-11,dwarka,0,12,0,0,,sunny,14.7,7261,0
2023-12-11,ambaji,0,12,0,0,,sunny,14.7,6015,0
2023-12-11,pavagadh,0,12,0,0,,sunny,14.7,4951,0
2023-12-12,somnath,1,12,0,0,,sunny,24.5,7202,0
2023-12-12,dwarka,1,12,0,0,,sunny,24.5,7109,0
2023-12-12,ambaji,1,12,0,0,,sunny,24.5,5865,0
2023-12-12,pavagadh,1,12,0,0,,sunny,24.5,5117,0
2023-12-13,somnath,2,12,0,0,,sunny,13.5,6981,0
2023-12-13,dwarka,2,12,0,0,,sunny,13.5,6177,0
2023-12-13,ambaji,2,12,0,0,,sunny,13.5,6630,0
2023-12-13,pavagadh,2,12,0,0,,sunny,13.5,4990,0
2023-12-14,somnath,3,12,0,0,,sunny,22.3,7680,0
2023-12-14,dwarka,3,12,0,0,,sunny,22.3,6114,0
2023-12-14,ambaji,3,12,0,0,,sunny,22.3,6230,0
2023-12-14,pavagadh,3,12,0,0,,sunny,22.3,5194,0
2023-12-15,somnath,4,12,0,0,,cloudy,24.6,8046,0
2023-12-15,dwarka,4,12,0,0,,cloudy,24.6,6051,0
2023-12-15,ambaji,4,12,0,0,,cloudy,24.6,5727,0
2023-12-15,pavagadh,4,12,0,0,,cloudy,24.6,5092,0
2023-12-16,somnath,5,12,1,0,,sunny,17.7,15931,1
2023-12-16,dwarka,5,12,1,0,,sunny,17.7,14115,0
2023-12-16,ambaji,5,12,1,0,,sunny,17.7,9935,0
2023-12-16,pavagadh,5,12,1,0,,sunny,17.7,9067,0
2023-12-17,somnath,6,12,1,0,,sunny,23.2,14656,0
2023-12-17,dwarka,6,12,1,0,,sunny,23.2,13164,0
2023-12-17,ambaji,6,12,1,0,,sunny,23.2,10043,0
2023-12-17,pavagadh,6,12,1,0,,sunny,23.2,9896,0
2023-12-18,somnath,0,12,0,0,,sunny,25.3,8655,0
2023-12-18,dwarka,0,12,0,0,,sunny,25.3,6658,0
2023-12-18,ambaji,0,12,0,0,,sunny,25.3,6237,0
2023-12-18,pavagadh,0,12,0,0,,sunny,25.3,5091,0
2023-12-19,somnath,1,12,0,0,,sunny,16.2,7985,0
2023-12-19,dwarka,1,12,0,0,,sunny,16.2,7015,0
2023-12-19,ambaji,1,12,0,0,,sunny,16.2,5716,0
2023-12-19,pavagadh,1,12,0,0,,sunny,16.2,4721,0
2023-12-20,somnath,2,12,0,0,,sunny,12.3,8646,0
2023-12-20,dwarka,2,12,0,0,,sunny,12.3,6289,0
2023-12-20,ambaji,2,12,0,0,,sunny,12.3,6051,0
2023-12-20,pavagadh,2,12,0,0,,sunny,12.3,5598,0
2023-12-21,somnath,3,12,0,0,,sunny,20.6,7444,0
2023-12-21,dwarka,3,12,0,0,,sunny,20.6,7416,0
2023-12-21,ambaji,3,12,0,0,,sunny,20.6,5430,0
2023-12-21,pavagadh,3,12,0,0,,sunny,20.6,5007,0
2023-12-22,somnath,4,12,0,0,,sunny,17.2,7816,0
2023-12-22,dwarka,4,12,0,0,,sunny,17.2,6803,0
2023-12-22,ambaji,4,12,0,0,,sunny,17.2,5835,0
2023-12-22,pavagadh,4,12,0,0,,sunny,17.2,4980,0
2023-12-23,somnath,5,12,1,0,,cloudy,14.1,14908,0
2023-12-23,dwarka,5,12,1,0,,cloudy,14.1,12147,0
2023-12-23,ambaji,5,12,1,0,,cloudy,14.1,10432,0
2023-12-23,pavagadh,5,12,1,0,,cloudy,14.1,9028,0
2023-12-24,somnath,6,12,1,0,,sunny,25.4,13679,0
2023-12-24,dwarka,6,12,1,0,,sunny,25.4,11633,0
2023-12-24,ambaji,6,12,1,0,,sunny,25.4,10612,0
2023-12-24,pavagadh,6,12,1,0,,sunny,25.4,8505,0
2023-12-25,somnath,0,12,0,0,,sunny,21.7,9249,0
2023-12-25,dwarka,0,12,0,0,,sunny,21.7,7522,0
2023-12-25,ambaji,0,12,0,0,,sunny,21.7,6134,0
2023-12-25,pavagadh,0,12,0,0,,sunny,21.7,5421,0
2023-12-26,somnath,1,12,0,0,,cloudy,13.3,8067,0
2023-12-26,dwarka,1,12,0,0,,cloudy,13.3,6824,0
2023-12-26,ambaji,1,12,0,0,,cloudy,13.3,5008,0
2023-12-26,pavagadh,1,12,0,0,,cloudy,13.3,4684,0
2023-12-27,somnath,2,12,0,0,,sunny,17.9,7711,0
2023-12-27,dwarka,2,12,0,0,,sunny,17.9,6055,0
2023-12-27,ambaji,2,12,0,0,,sunny,17.9,5987,0
2023-12-27,pavagadh,2,12,0,0,,sunny,17.9,5108,0
2023-12-28,somnath,3,12,0,0,,sunny,16.9,9434,0
2023-12-28,dwarka,3,12,0,0,,sunny,16.9,6545,0
2023-12-28,ambaji,3,12,0,0,,sunny,16.9,6593,0
2023-12-28,pavagadh,3,12,0,0,,sunny,16.9,5345,0
2023-12-29,somnath,4,12,0,0,,sunny,15.0,7552,0
2023-12-29,dwarka,4,12,0,0,,sunny,15.0,6935,0
2023-12-29,ambaji,4,12,0,0,,sunny,15.0,5801,0
2023-12-29,pavagadh,4,12,0,0,,sunny,15.0,4833,0
2023-12-30,somnath,5,12,1,0,,sunny,18.6,15615,1
2023-12-30,dwarka,5,12,1,0,,sunny,18.6,13430,0
2023-12-30,ambaji,5,12,1,0,,sunny,18.6,10237,0
2023-12-30,pavagadh,5,12,1,0,,sunny,18.6,9582,0
2023-12-31,somnath,6,12,1,0,,sunny,26.1,14740,0
2023-12-31,dwarka,6,12,1,0,,sunny,26.1,13116,0
2023-12-31,ambaji,6,12,1,0,,sunny,26.1,10201,0
2023-12-31,pavagadh,6,12,1,0,,sunny,26.1,9355,0
